,tweets,timestamp
0,چاچا ستو پی دیکھ پاکستان عوام نکلی یے,2022-04-10 20:09:56
1,لوگ باہر لوگ نکل جلسا ملک باہر بغیر لیڈر خود خان باہرایگا حال نام شر,2022-04-10 20:09:56
2,آپکی رائے تحریک انصاف اسمبلی مستعفی چاہیے ,2022-04-10 20:09:57
3,جگر لالہ ٹھنڈک شبنم دریا دل دہل طوفان لحظہ مومن امپورٹڈگورمنٹنامنظور,2022-04-10 20:09:57
4,شہباز شریف کاغذہ نامزدگی منظور ایف آئ پہلا آرڈر کل وکیل ٹیم شہباز شریف مقدمہ م,2022-04-10 20:09:57
5,عمران خان ووٹر چھوٹا سال سارا ووٹس آج ,2022-04-10 20:09:57
6,غیر جمہوری غیر آئینی طریقہ نکال جمہوری ائینی طریقہ نکال اب پتہ چور ھے,2022-04-10 20:09:57
7,پاکستان تاریخ پہلا دفعہ چیف آف آرمی سٹاف شدید ترین ذلت ساتھ رخصت ,2022-04-10 20:09:57
8,راولپنڈی لوگ سڑک پہ چھتہ پاکستان شہر سمیت دنیا بھر عمران خاں حق مظاہرے حالات م,2022-04-10 20:09:57
9,لوگ باہر لوگ نکل جلسا ملک باہر بغیر لیڈر خود خان باہرایگا حال نام شر,2022-04-10 20:09:57
10,میڈیا بلیک آوٹ کروا اکھاڑ الٹا مزید نقاب آج جنریشن معلومات کیلئے آپکا جیونیوز محتاج ,2022-04-10 20:09:57
11,شمع فروزاں آندھی ڈراتا شمع فروزاں پروانہ ہزار امپورٹڈگورمنٹنامنظور,2022-04-10 20:09:58
12,اب تیز ,2022-04-10 20:09:58
13,لوگ باہر لوگ نکل جلسا ملک باہر بغیر لیڈر خود خان باہرایگا حال نام شر,2022-04-10 20:09:58
14,یزید جیت مطلب حسین ہار برحق کےلیے اکثریت درکار بہادر اکیلا جیت شجاعت بازی کتنی شاندار غلامی وقار جھنڈ یزیدی ڈر حسینیت تعداد توکبھی شمار امپورٹڈحکومتنامنظور,2022-04-10 20:09:58
15,پولیس رینجرز گزارش ممکن راستہ کھلوا یوتھی بچہ سکول بیمار ایمبولینس پھ,2022-04-10 20:09:58
16,لاہور لبرٹی مارکیٹ پسندیدہ ہوٹل سینڈوچ منگوانا راستہ بند سوشل میڈیا دیکھ دنگ,2022-04-10 20:09:58
17,وقت باجوہ ,2022-04-10 20:09:58
18,اتنا احتجاج میڈیا دکھ ویسےکوئی فرق پڑ میڈیادیکھتا ,2022-04-10 20:09:58
19,عرض سیاست فیصلہ عدالت کوشش تباہ کن سمجھ آج باہر نکلیں عو,2022-04-10 20:09:58
20,خلاف تحریک عدم اعتماد کامیاب ہوگئی قوم اعتماد خوشی دن ملک ,2022-04-10 20:09:58
21,ب ھکاری باپ پاکستانی ,2022-04-10 20:09:59
22,حیی قیوم انشاء پاکستان جیت انشاء انشاء عمران خان سرخرو آقا کریم صل اللہ علیہ وسلم صدقہ آمین ثم آمین,2022-04-10 20:09:58
23,عمران خان رخصت اب میڈیا خصوصا چینلز خوداحتسابی ضرور کہاں کہاں حب عمران کہاں کہاں بغض,2022-04-10 20:09:59
24,رسول اللہ صلی اللہ علیہ وسلم فرما جنت دروازہ ریان تاقیامت دن دروازہ روزہ دا,2022-04-10 20:09:59
25,نسل خودار آزادی پسند بنا عمران غلامانہ سوچ خاتمہ انشاالله,2022-04-10 20:09:59
26,حسابباقیہے غازی صاحب محبت شفقت شکریہ اللہ پاک خوش یونہی چرچا ر,2022-04-10 20:09:59
27,لاہور لبرٹی مارکیٹ پسندیدہ ہوٹل سینڈوچ منگوانا راستہ بند سوشل میڈیا دیکھ دنگ,2022-04-10 20:09:59
28,جناب آج ٹویٹ شہر حق نکلا جواب ,2022-04-10 20:09:59
29,چینل اینکرز رولنگ مسترد عدم منظور اتنا زور ڈائپر بھر اندازہ ا,2022-04-10 20:09:59
30,ب ھکاری باپ پاکستانی ,2022-04-10 20:09:59
31,لوگ باہر لوگ نکل جلسا ملک باہر بغیر لیڈر خود خان باہرایگا حال نام شر,2022-04-10 20:09:59
32,لاہور لبرٹی مارکیٹ پسندیدہ ہوٹل سینڈوچ منگوانا راستہ بند سوشل میڈیا دیکھ دنگ,2022-04-10 20:09:59
33,ساڑھے تین سال پوچھ بتا پورا نظام مخالف الیکشن,2022-04-10 20:09:59
34,پاکستان سٹیک ہولڈرز منہ زوردار تھپڑ محسوس حس ,2022-04-10 20:09:59
35,اللہ احتجاج اثر ورنہ کمپرومائزڈ جائئں اثر نھی ,2022-04-10 20:09:59
36,حکومت نشہ ظالم چیز چڑھ یک دم اترتا طاقت ہینگ اوور چند جوتی پڑ چار,2022-04-10 20:10:00
37,وزیر اعظم ہاؤس چھوڑا پہلےمیرے کپتان میڈیا اینکرز سوال بتاؤ عوام علاوہ کوئ میر,2022-04-10 20:10:00
38,ناموس رسالت ﷺ مارچ کتا بھونکنے آج لیڈر خاطر سڑک ذلیل پوچھنا ھے اب روڑ بلاک حلال حسابباقیہے,2022-04-10 20:10:00
39,اتنا احتجاج میڈیا دکھ ,2022-04-10 20:10:00
40,تحریک انصاف گھٹیا جماعت ھے سیاست مذہب کارڈ غداری کارڈ ناسمجھ معصوم بچہ استعمال ,2022-04-10 20:10:00
41,قوم اب شعور چک خان صاحب,2022-04-10 20:10:00
42,مان نوجوان نسل بیدار چک تبدیلی شخص قوم شعور بس اب انت,2022-04-10 20:10:00
43,راولپنڈی لوگ سڑک پہ چھتہ پاکستان شہر سمیت دنیا بھر عمران خاں حق مظاہرے حالات م,2022-04-10 20:10:00
44,لوگ باہر لوگ نکل جلسا ملک باہر بغیر لیڈر خود خان باہرایگا حال نام شر,2022-04-10 20:10:00
45,لوگ باہر لوگ نکل جلسا ملک باہر بغیر لیڈر خود خان باہرایگا حال نام شر,2022-04-10 20:10:00
46,میڈیا ننگا آج ,2022-04-10 20:10:00
47,تھوڑا کشت کیجئے ثی وی چلا بتائیں چینل احتجاج دکھا جی سمیت چینلز احتجاج دکھا ھیں,2022-04-10 20:10:00
48,اتنا پیمانے مظاہرے کہیں فوج مخالف نعر اطلاع مل فرق محب وطن لیڈر بکاؤ گیدڑ,2022-04-10 20:10:00
49,اندھا امپورٹڈگورنمنٹنامنظور امپورٹڈحکومتنامنظور,2022-04-10 20:10:00
50,پاکستانی عوام ازخود نوٹس جناب گیے دل دڑکھ رھا عوام سمندر دیکھ جناب ہوش ب,2022-04-10 20:10:01
51,راولپنڈی لوگ سڑک پہ چھتہ پاکستان شہر سمیت دنیا بھر عمران خاں حق مظاہرے حالات م,2022-04-10 20:10:01
52,معلومات بنیاد پہ عرض نومبر چیف آف آرمی سٹاف جنرل قمر جاوید باجوہ سبکدوش معلومات بن,2022-04-10 20:10:01
53,راولپنڈی لوگ سڑک پہ چھتہ پاکستان شہر سمیت دنیا بھر عمران خاں حق مظاہرے حالات م,2022-04-10 20:10:01
54,کن خوش ملاحظہ فرما,2022-04-10 20:10:01
55,ملک بھر ساختہ لوگ سڑک پہ نکل حیرت ٹی وی چینل کم دکھ لاہورکی کیفیت ش,2022-04-10 20:10:01
56,اتنا احتجاج میڈیا دکھ ویسےکوئی فرق پڑ میڈیادیکھتا ,2022-04-10 20:10:01
57,مریم چاچو شوباز گلی محلہ نعرہ بھکاری باپ,2022-04-10 20:10:01
58,چینل اینکرز رولنگ مسترد عدم منظور اتنا زور ڈائپر بھر اندازہ ا,2022-04-10 20:10:01
59,عمران خان حکومت خاتمہ اگلا دن شمالی وزیرستان امریکہ ڈرون حملہ فرد شہید حملہ بھرپور مذمت ,2022-04-10 20:10:01
60,گیدڑ شکار وقت اکٹھا کھاتا وقت لڑ پڑ انتظار فرما,2022-04-10 20:10:01
61,ویسے بےغیرت ک ن ج ر پورا میڈیا بلیک آوٹ پی ٹی احتجاج ہمت سینہ ٹھوک بزدلہ ,2022-04-10 20:10:01
62,آج پاکستانی فخر محسوس امپورٹڈحکومتنامنظور,2022-04-10 20:10:01
63,کراچی والو عظیم لوگ امپورٹڈحکومتنامنظور,2022-04-10 20:10:01
64,اب عمران خان صاحب پتا چاہیے نظام خرابی حل آج تحریک انصاف ورکر ڈاک,2022-04-10 20:10:01
65,خان صاحب ہرگز قومی اسمبلی استعفا پی ٹی غلط فیصلہ بھان متی کنبہ حکومت منافقانہ تضاد ,2022-04-10 20:10:01
66,راولپنڈی لوگ سڑک پہ چھتہ پاکستان شہر سمیت دنیا بھر عمران خاں حق مظاہرے حالات م,2022-04-10 20:10:01
67,دنیا ذلیل عبرت نشاں بن بچو روز محشر باقی شک اللہ سخت انتقام ,2022-04-10 20:10:01
68,شمع فروزاں آندھی ڈراتا شمع فروزاں پروانہ ہزار امپورٹڈگورمنٹنامنظور,2022-04-10 20:10:01
69,کراچی راشد منہاس روڈ سرگودھا کچہری پل لاہور لبرٹی چوک سیالکوٹ قلب راولپنڈی مری روڈ اسلام,2022-04-10 20:10:01
70,بـنـدیـال بھـکاریـو ہار سنو قیام پاکستان جذبہ,2022-04-10 20:10:01
71,ملک بھر ساختہ لوگ سڑک پہ نکل حیرت ٹی وی چینل کم دکھ لاہورکی کیفیت ش,2022-04-10 20:10:01
72,پاکستانی عوام ازخود نوٹس جناب گیے دل دڑکھ رھا عوام سمندر دیکھ جناب ہوش ب,2022-04-10 20:10:01
73,کراچی مصروف کم باہر نکلتا بات قومی غیرت خودداری سچا لیڈر ساتھ اظہار,2022-04-10 20:10:02
74,شکر اللہ پاک خیریت ساری رات دعا عظیم لیڈر قوم ساتھ کھڑی آپکی آواز حاضر ہوجائےگی,2022-04-10 20:10:02
75,بغیر سفارتی خط دیکھ پڑھ آرٹیکل رولنگ حکم امتناع قاسم سوری شدید نظر ضرورت جان قا,2022-04-10 20:10:02
76,ملک بھر ساختہ لوگ سڑک پہ نکل حیرت ٹی وی چینل کم دکھ لاہورکی کیفیت ش,2022-04-10 20:10:02
77,عمران خان بغیر اتنی تعداد عوام نکل عمران خان صاحب خود نکل منظر امپورٹڈحکومت,2022-04-10 20:10:02
78,سنو رونگٹہ کھڑے پاکستان کراچی عوام عمران ,2022-04-10 20:10:02
79,اب سمجھ آخر رگیدا قوم فرد دیکھ مینڈیٹ نقب زنی آج,2022-04-10 20:10:02
80,لوگ باہر لوگ نکل جلسا ملک باہر بغیر لیڈر خود خان باہرایگا حال نام شر,2022-04-10 20:10:02
81,شہباز شریف کاغذہ نامزدگی منظور ایف آئ پہلا آرڈر کل وکیل ٹیم شہباز شریف مقدمہ م,2022-04-10 20:10:02
82,شہباز شریف کاغذہ نامزدگی چیلنج چاہئے ضمانت ملزم شخص وقت مجرم بن ,2022-04-10 20:10:02
83,جی علیم پیسہ ترین پیسہ لاکھ مجمع اب اکٹھا ملک طول عرض امپورٹڈحکومتنامنظور,2022-04-10 20:10:02
84,لاہور لبرٹی مارکیٹ پسندیدہ ہوٹل سینڈوچ منگوانا راستہ بند سوشل میڈیا دیکھ دنگ,2022-04-10 20:10:02
85,راولپنڈی لوگ سڑک پہ چھتہ پاکستان شہر سمیت دنیا بھر عمران خاں حق مظاہرے حالات م,2022-04-10 20:10:02
86,انکی مرمت جناب,2022-04-10 20:10:02
87,لوگ باہر لوگ نکل جلسا ملک باہر بغیر لیڈر خود خان باہرایگا حال نام شر,2022-04-10 20:10:02
88,گیارہ جماعت امریکہ مل عمران خان الگ کوشش قوم سازش ناکام بنا عمران خان سات,2022-04-10 20:10:02
89,راولپنڈی لوگ سڑک پہ چھتہ پاکستان شہر سمیت دنیا بھر عمران خاں حق مظاہرے حالات م,2022-04-10 20:10:03
90,مرشد پلیز آج وقت مرشد آج دکھڑا سنا مرشد ساتھ ظلم مرشد فوج لڑتی حریف مرشد فرصت مل,2022-04-10 20:10:03
91,لوگ باہر لوگ نکل جلسا ملک باہر بغیر لیڈر خود خان باہرایگا حال نام شر,2022-04-10 20:10:03
92,مرمت ,2022-04-10 20:10:03
93,اتنا احتجاج میڈیا دکھ ,2022-04-10 20:10:03
94,گرانا سوچ گرا قافلہ بن کھڑا ,2022-04-10 20:10:03
95,اب شاہین تجربہ مسرت شاہین اگلا ننگا پڑ پوری قوم ڈالرز ستر چھپاؤ امپورٹڈگورمنٹنامنظور امپورٹڈبھڑوےنامنظور,2022-04-10 20:10:03
96,شریک جرم اب خاموش,2022-04-10 20:10:03
97,مرمت ,2022-04-10 20:10:03
98,بات طے لوگ دیوان عمران خان عشق بیٹھ سارا لوگ بغیر دھن پورا تن من,2022-04-10 20:10:03
99,عمران خان انتخب عمران خان ضد روک سکو روک امپور,2022-04-10 20:10:03
100,لوگ باہر لوگ نکل جلسا ملک باہر بغیر لیڈر خود خان باہرایگا حال نام شر,2022-04-10 20:10:03
101,راولپنڈی لوگ سڑک پہ چھتہ پاکستان شہر سمیت دنیا بھر عمران خاں حق مظاہرے حالات م,2022-04-10 20:10:03
102,واللہ کل دن شدید تکلیف آج خان خودمختار عوام دیکھ دل باغ باغ امپورٹڈحکومتنامنظور,2022-04-10 20:10:03
103,عرض سیاست فیصلہ عدالت کوشش تباہ کن سمجھ آج باہر نکلیں عو,2022-04-10 20:10:03
104,پاکستانکتنےمیںبیچا مائی لارڈ ڈیئر سر باہر نکلیں دیکھ عمران خان نکال لیک,2022-04-10 20:10:03
105,دوسرا بھکاری بھول انکا لیڈر فطرانا چاول مانگ یاد یاد ,2022-04-10 20:10:03
106,لوگ باہر لوگ نکل جلسا ملک باہر بغیر لیڈر خود خان باہرایگا حال نام شر,2022-04-10 20:10:03
107,آئندہ الیکشن مستقبل قریب تحریک لبیک مضبوط قومی جماعت بن پاکستان قیادت موجودہ,2022-04-10 20:10:03
108,جناب آج ٹویٹ شہر حق نکلا جواب ,2022-04-10 20:10:03
109,عزیز وطناں ٹھیک ٹھوکا مشرف عدالت میڈیا امپورٹڈحکومتنامنظور,2022-04-10 20:10:03
110,تھواڈا وی دماغ خراب اقتدار دیکھ ,2022-04-10 20:10:03
111,وزیراعظم وجہ امریکہ دفعہ تکلیف پہلا تکلیف ایٹمی دھماکے دوسری بار پیک کٹا انڈا مرغی ,2022-04-10 20:10:04
112,شمع فروزاں آندھی ڈراتا شمع فروزاں پروانہ ہزار امپورٹڈگورمنٹنامنظور,2022-04-10 20:10:03
113,لوگ باہر لوگ نکل جلسا ملک باہر بغیر لیڈر خود خان باہرایگا حال نام شر,2022-04-10 20:10:04
114,لوگ باہر لوگ نکل جلسا ملک باہر بغیر لیڈر خود خان باہرایگا حال نام شر,2022-04-10 20:10:04
115,ملک بھر ساختہ لوگ سڑک پہ نکل حیرت ٹی وی چینل کم دکھ لاہورکی کیفیت ش,2022-04-10 20:10:04
116,لوگ باہر لوگ نکل جلسا ملک باہر بغیر لیڈر خود خان باہرایگا حال نام شر,2022-04-10 20:10:04
117,لوگ باہر لوگ نکل جلسا ملک باہر بغیر لیڈر خود خان باہرایگا حال نام شر,2022-04-10 20:10:04
118,کوہاٹ تاریخ احتجاج عمران خان کال ہزار لوگ نکل شاءاللہ عمران خان خود س,2022-04-10 20:10:04
119,ب ھکاری باپ پاکستانی ,2022-04-10 20:10:04
120,وزیر اعظم ہاؤس چھوڑا پہلےمیرے کپتان میڈیا اینکرز سوال بتاؤ عوام علاوہ کوئ میر,2022-04-10 20:10:04
121,ریپبلکن پارٹی کنونشن لیگ بکھر نادیدہ دستکار محروم دل پھسلا زیر دام تھ,2022-04-10 20:10:04
122,یزید جیت مطلب حسین ہار برحق کےلیے اکثریت درکار بہادر اکیلا جیت شجاعت ,2022-04-10 20:10:04
123,عمران خان رخصت اب میڈیا خصوصا چینلز خوداحتسابی ضرور کہاں کہاں حب عمران کہاں کہاں بغض,2022-04-10 20:10:04
124,پراسیکیوشن ہیڈ ہدایت گئ کل صورت پیش فرد جرم کاروائ ملتوی ,2022-04-10 20:10:04
125,رات بارہ بج پارليمنٹ چوری گئ,2022-04-10 20:10:04
126,زبان مبارک ,2022-04-10 20:10:04
127,لوگ باہر لوگ نکل جلسا ملک باہر بغیر لیڈر خود خان باہرایگا حال نام شر,2022-04-10 20:10:04
128,اب اکیلا ,2022-04-10 20:10:04
129,خان بال بالا غدار بچہ امپورٹڈحکومتنامنظور,2022-04-10 20:10:04
130,حضرت شیخ الہند رحمہ اللہ تعالی حضرت قبر اساتذہ اکابر قبر متعین فرما میاں اللہ راہ جسم اتنا ٹکڑے جمع دفن ضرورت جھاد ص,2022-04-10 20:10:04
131,سارا کرپٹ کرپشن بچا کیلئے,2022-04-10 20:10:05
132,اپنامعززیف جسٹس پوچھناتھاکہ سانحہ بلدیہ ٹاؤن سانحہ ماڈل ٹاؤن کوئٹہ دن دیہاڑے مجیداچکزئی گاڑی تلاآکر ک چلےجانے,2022-04-10 20:10:05
133,مرمت ,2022-04-10 20:10:05
134,لاہور فیصلہ س اگلا الیکشن لاہور سمیت پنجاب عمران خان تہائی اکثریت نکل انشاءال,2022-04-10 20:10:05
135,مرد وفا عورت حیا انسان گھٹیا ,2022-04-10 20:10:05
136,میڈیا بلیک آوٹ کروا اکھاڑ الٹا مزید نقاب آج جنریشن معلومات کیلئے آپکا جیونیوز محتاج ,2022-04-10 20:10:05
137,پاکستانیو غیرتمندی تقاضا آج عوامی احتجاج میڈیا بلیک آؤٹ چینلز بائیکاٹ انکی ریٹنگ,2022-04-10 20:10:05
138,اتنا احتجاج میڈیا دکھ ,2022-04-10 20:10:05
139,دوست ,2022-04-10 20:10:05
140,لوگ باہر لوگ نکل جلسا ملک باہر بغیر لیڈر خود خان باہرایگا حال نام شر,2022-04-10 20:10:05
141,عمران خان بغیر اتنی تعداد عوام نکل عمران خان صاحب خود نکل منظر امپورٹڈحکومت,2022-04-10 20:10:05
142,کپتان میدان عمران خان اندرونی بیرونی دشمنا لرزہ طاری شاء اللہ امپورٹڈگورمنٹنامنظور,2022-04-10 20:10:05
143,حسابباقیہے,2022-04-10 20:10:05
144,باؤ جی نمک پی الحمدللہ طبیعت ٹھیک شروع امپورٹڈحکومتنامنظور,2022-04-10 20:10:05
145,ملک بھر ساختہ لوگ سڑک پہ نکل حیرت ٹی وی چینل کم دکھ لاہورکی کیفیت ش,2022-04-10 20:10:05
146,عورت ڈری مرد ڈرتہ بینظیر تبھی کھیتا موردہ زندہ زندہ بھ,2022-04-10 20:10:05
147,خدا خوف مشتاق بات مشتاق بات ,2022-04-10 20:10:05
148,سیاست فیصلہ عدالت کوشش تباہ کن فواد چودھری,2022-04-10 20:10:05
149,چور ہاتھ ڈالا اکٹھا معلوم سابق وزیراعظم عمران خان جملہ ,2022-04-10 20:10:05
150,عمران خان محبت لاہور کراچی اسلام آباد ملتان جھگڑا ختم ,2022-04-10 20:10:05
151,اقتدار نشے فرانس دلالی تحریک لبیک پاکستان نہتے کارکن سیدھی گولی چلا آج ذلیل ل,2022-04-10 20:10:05
152,لاہور فیصلہ س اگلا الیکشن لاہور سمیت پنجاب عمران خان تہائی اکثریت نکل انشاءال,2022-04-10 20:10:06
153,خوش آمدید پرانا پاکستان لینڈنگ مبارک اب سواری سامان خود حفاظت ,2022-04-10 20:10:06
154,فاروق بندیال اداکارہ شبنم ریپ بھائی عطا بندیال پاکستان غیرت ناموس پامال ب,2022-04-10 20:10:06
155,کراچی مصروف کم باہر نکلتا بات قومی غیرت خودداری سچا لیڈر ساتھ اظہار,2022-04-10 20:10:06
156,لوٹا خرید کراچی عوام جذبہ خرید خرید عالمگیر خان گلستان جوہر عوامی احتجاج خطاب,2022-04-10 20:10:06
157,معلومات بنیاد پہ عرض نومبر چیف آف آرمی سٹاف جنرل قمر جاوید باجوہ سبکدوش معلومات بن,2022-04-10 20:10:06
158,حسینی حسین ڈٹ مقابلہ روک روک امپورٹڈحکومتنامنظور,2022-04-10 20:10:06
159,کرواڈ فیک وڈیو ز ورلڈ کپ خان جیت لبرٹی چوک لاہور لاکھ مجمعہ وڈیوز ,2022-04-10 20:10:06
160,سارا احتجاج چاہئیے راولپنڈی دھرنا استعفا مطالبہ امریکہ خوش ملک ساتھ مخلص ,2022-04-10 20:10:06
161,تحریک انصاف امیر غریب ,2022-04-10 20:10:06
162,ٹیکسلا پورا جلسہ امپورٹڈحکومتنامنظور,2022-04-10 20:10:06
163,لوگ باہر لوگ نکل جلسا ملک باہر بغیر لیڈر خود خان باہرایگا حال نام شر,2022-04-10 20:10:06
164,ب ھکاری باپ پاکستانی ,2022-04-10 20:10:06
165,اللہ قسم ساری زندگی پتا حسین علیہ السلام عمران خان ساتھ ساری کربلہ سمجھ شخص عمران کردار حسین یزید مخالف امپورٹڈگورنمنٹنامنظور امپورٹڈحکومتنامنظور,2022-04-10 20:10:06
166,عدلیہ فوج اپوزیشن سوچ عمران ریکوڈک جرمانہ معاف کرا اکاونٹ کھلوا کڑوڑ ڈالر ,2022-04-10 20:10:06
167,پاکستان سٹیک ہولڈرز منہ زوردار تھپڑ محسوس حس ,2022-04-10 20:10:06
168,ڈاکٹر ارسلان خالد گھر حملہ خبر انتہائ تشویش ارسلان انتہائ باصلاحیت زیرک مخلص نوجوان پوری ت,2022-04-10 20:10:07
169,راولپنڈی لوگ سڑک پہ چھتہ پاکستان شہر سمیت دنیا بھر عمران خاں حق مظاہرے حالات م,2022-04-10 20:10:07
170,سیاستدان سلیکٹرز فرق اختلاف ماضی بہترین طریقہ مل,2022-04-10 20:10:07
171,مین بور ریہا یار مونس بھائن,2022-04-10 20:10:07
172,بیغیرت قیادت روشن م ستقبل امید دیوانہ خواب ,2022-04-10 20:10:07
173,حکم نون لیگ انکل نیوٹرل حکم لوگ نعرہ خیر,2022-04-10 20:10:07
174,ب ھکاری باپ پاکستانی ,2022-04-10 20:10:07
175,لوگ باہر لوگ نکل جلسا ملک باہر بغیر لیڈر خود خان باہرایگا حال نام شر,2022-04-10 20:10:07
176,الحمدللہ قوم ثابت ذندہ قوم اپوزیشن پریشان نکال سوچ بلنڈر گ,2022-04-10 20:10:07
177,ادھر ادھر بات بتا قافلہ لٹا رہزن گلا تری رہبری سوال اج نیوٹرل گٸ فیفتھ جرنیشن لالی پاپ اب خود چاہیے فوجی جنریل وزیراعظم ساتھ عوام ساتھ نگا,2022-04-10 20:10:07
178,ملک بھر ساختہ لوگ سڑک پہ نکل حیرت ٹی وی چینل کم دکھ لاہورکی کیفیت ش,2022-04-10 20:10:08
179,ب ھکاریو س ن ناں امریکی اب آرڈر بس شاباش شروع جاو امپورٹڈگورمنٹنامنظور,2022-04-10 20:10:08
180,امپورٹڈحکومتنامنظور فوجیو ترانا محبت ڈرام تے اصل بھماری بنا بیچ ڈالر ڈکیت اصل سہولت کار ,2022-04-10 20:10:07
181,پاکستان قائد دلالہ ناجائز بپ مار اسلئے نیا پاکستان لفط استعمال دلالہ پاکستان قاۃد خواب کم ظرف جاہل لوگ ,2022-04-10 20:10:08
182,اکیلا نہی چھوڑسکھت عمران خان اب ضد ,2022-04-10 20:10:08
183,لوگ باہر لوگ نکل جلسا ملک باہر بغیر لیڈر خود خان باہرایگا حال نام شر,2022-04-10 20:10:08
184,اتنا احتجاج میڈیا دکھ ,2022-04-10 20:10:08
185,چیرمین پاکستان تحریک انصاف عمران خان زیر صدارت کل بروز سوموار تحریک انصاف پارلیمانی پارٹی اجلاس انشاء,2022-04-10 20:10:08
186,حشر دن عجب دیکھ زلف لہرا ﷺ تاقیامت اک اورقیامت ,2022-04-10 20:10:08
187,تحریک انصاف امیر غریب ,2022-04-10 20:10:08
188,غیرت مند خوددرا لیڈر ہجوم قوم بنا خان صاحب اللہ راضی پو آپکا نگہبا,2022-04-10 20:10:08
189,کراچی والو عظیم لوگ امپورٹڈحکومتنامنظور,2022-04-10 20:10:08
190,عرض سیاست فیصلہ عدالت کوشش تباہ کن سمجھ آج باہر نکلیں عو,2022-04-10 20:10:08
191,عمران خان غلط ٹھیک باقی ا س بہتر ,2022-04-10 20:10:08
192,اب سمجھ آخر رگیدا قوم فرد دیکھ مینڈیٹ نقب زنی آج,2022-04-10 20:10:08
193,حساب لوگ خان سپورٹ باہر عاشقان جی ایچ کیو تحریک لبیک جلدی آڈر مل ,2022-04-10 20:10:08
194,سنو رونگٹہ کھڑے پاکستان کراچی عوام عمران ,2022-04-10 20:10:08
195,پاک فوج نوجوان زندگی قربانی دھرتی ماں دفاع فوج سربراہ شخص سیلوٹ مارا جلس باجوہ کتا ہائے ہائے نعرہ اپکو دکھ محب وطن پاکستانی ناطے بات دکھ ,2022-04-10 20:10:08
196,ایرانی انقلاب پاکستان دیکھ پوری دنیا پاکستان عظیم ایشیائی لیڈر ابھر دیکھ ,2022-04-10 20:10:09
197,میڈیا بلیک آوٹ کروا اکھاڑ الٹا مزید نقاب آج جنریشن معلومات کیلئے آپکا جیونیوز محتاج ,2022-04-10 20:10:09
198,شیطان خان خاطر احتجاج ڈب مر رسول اللہ عزت گھر نکل کل قبر رسول اللہ منہ دکھاؤ ,2022-04-10 20:10:09
199,وقت دیکھ ایگنور پے سیریر ای ہن پحتو حسابباقیہے,2022-04-10 20:10:09
200,پورا پاکستان مظاہرے ادارہ بدنام فرق مسلط غلام سیاسی,2022-04-10 20:10:09
201,امن جنگ کپتان سنگ ,2022-04-10 20:10:08
202,لوگ باہر لوگ نکل جلسا ملک باہر بغیر لیڈر خود خان باہرایگا حال نام شر,2022-04-10 20:10:09
203,شمع فروزاں آندھی ڈراتا شمع فروزاں پروانہ ہزار امپورٹڈگورمنٹنامنظور,2022-04-10 20:10:09
204,لوگ باہر لوگ نکل جلسا ملک باہر بغیر لیڈر خود خان باہرایگا حال نام شر,2022-04-10 20:10:09
205,الحمدللہ ھم کراچی بھکاری ,2022-04-10 20:10:09
206,کھانا کھا شرمو امپورٹڈحکومتنامنظور,2022-04-10 20:10:09
207,عمران خان پاکستان پہلا وزیر اعظم خلاف عدم اعتماد کامیاب ئی اسکی انفرادیت باقی کرپشن,2022-04-10 20:10:09
208,ملک بھر ساختہ لوگ سڑک پہ نکل حیرت ٹی وی چینل کم دکھ لاہورکی کیفیت ش,2022-04-10 20:10:09
209,آج جہلم عوام سمندر امڈ پاکستان موجود بیرونی ایجنٹ خلاف سڑک وزیراعظم عمران خان انشاءال,2022-04-10 20:10:09
210,لوگ باہر لوگ نکل جلسا ملک باہر بغیر لیڈر خود خان باہرایگا حال نام شر,2022-04-10 20:10:09
211,اتنی دن باجوہ ندیم وقت سمجھ آگئ قوم عمران خان ساتھ باجوے نیبو کیس,2022-04-10 20:10:10
212,چینل اینکرز رولنگ مسترد عدم منظور اتنا زور ڈائپر بھر اندازہ ا,2022-04-10 20:10:10
213,لوگ باہر لوگ نکل جلسا ملک باہر بغیر لیڈر خود خان باہرایگا حال نام شر,2022-04-10 20:10:10
214,لوگ باہر لوگ نکل جلسا ملک باہر بغیر لیڈر خود خان باہرایگا حال نام شر,2022-04-10 20:10:10
215,خان قوم سوچ سوچ سلامت شعور شعور سلامت جذبہ جذبہ سلامت عمران خان جیت,2022-04-10 20:10:10
216,پارا چنار تعلق مزدور رحمان علی سخت گرمی سنسان سڑک اکیلا رو رو یوم سیاہ منا آپکو ہ,2022-04-10 20:10:10
217,ب ھکاری باپ پاکستانی ,2022-04-10 20:10:10
218,دنیا کونا مورچہ سنبھالو خودداری جنگ لڑو غدار پوچھو پاک,2022-04-10 20:10:10
219,دیکھ آنکھ کھول دیکھ بےشرم جاہل سمجھ عوام اب بتائیے وزیراعظم ایماندار,2022-04-10 20:10:10
220,وزیر اعظم ہاؤس چھوڑا پہلےمیرے کپتان میڈیا اینکرز سوال بتاؤ عوام علاوہ کوئ میر,2022-04-10 20:10:10
221,لوگ باہر لوگ نکل جلسا ملک باہر بغیر لیڈر خود خان باہرایگا حال نام شر,2022-04-10 20:10:10
222,ٹائم عوام سن گوا جوش آیا پائے,2022-04-10 20:10:10
223,پرامن احتجاج جماعت بنیادی حق پی ٹی مظاہرہ کووریج روک غلط کام پی ٹی کام ص,2022-04-10 20:10:10
224,ن لیگ پالتو مختلف ادارہ بیٹھ پٹواری وقت دیکھانا شروع ,2022-04-10 20:10:10
225,بیغیرت قیادت روشن م ستقبل امید دیوانہ خواب ,2022-04-10 20:10:11
226,ب ھکاری باپ پاکستانی ,2022-04-10 20:10:11
227,لوگ باہر لوگ نکل جلسا ملک باہر بغیر لیڈر خود خان باہرایگا حال نام شر,2022-04-10 20:10:11
228,لوگ باہر لوگ نکل جلسا ملک باہر بغیر لیڈر خود خان باہرایگا حال نام شر,2022-04-10 20:10:11
229,شروعات حریت پاسپاں خود نکل عالم سازش والو ہوش ناخن ,2022-04-10 20:10:11
230,لوگ باہر لوگ نکل جلسا ملک باہر بغیر لیڈر خود خان باہرایگا حال نام شر,2022-04-10 20:10:11
231,رک جائیے خان صاحب اسمبلی استعفا خود کشی مشورہ معلومات غلط شائد ایجنٹ ,2022-04-10 20:10:11
232,للکارا غلطی بیٹھ دیکھ عوام کہاں پہنچا امپورٹڈحکومتنامنظور,2022-04-10 20:10:11
233,اسما شوکت مطابق پیٹرول ڈلوایا پیٹرول پمپ پیس وائسرا شہبازشریف ,2022-04-10 20:10:11
234,جناب آج ٹویٹ شہر حق نکلا جواب ,2022-04-10 20:10:12
235,بیچارا بات آج آپکی باری کل کل وقت بدل دیر اللہ عاجزی پسند مشکل خوشی حال عقل کام چاہیے,2022-04-10 20:10:12
236,پہاڑی علاقہ آدھی رات اتنی تعداد لوگ نکالنا کمال قسم دیر آواز,2022-04-10 20:10:12
237,شمع فروزاں آندھی ڈراتا شمع فروزاں پروانہ ہزار امپورٹڈگورمنٹنامنظور,2022-04-10 20:10:12
238,السلام علیکم حامد میر صاحب امید خیریت دیر عمران خان پرانی تصویر شئیر اچانک ,2022-04-10 20:10:12
239,شہباز شریف کاغذہ نامزدگی چیلنج چاہئے ضمانت ملزم شخص وقت مجرم بن ,2022-04-10 20:10:12
240,پاگل ھے بڈھا ڈاکو ساتھ ھے پنجاب نام ھے اسکا پرویز الہی,2022-04-10 20:10:12
241,خیال ھے چاچو آٹھ جماعت مل اتنا ہجوم اکٹھا کرسکت جتنا پورا ملک جگہ جگہ عمران خان کال اکٹھا امپورٹڈحکومتنامنظور,2022-04-10 20:10:12
242,لوگ باہر لوگ نکل جلسا ملک باہر بغیر لیڈر خود خان باہرایگا حال نام شر,2022-04-10 20:10:12
243,راولپنڈی لوگ سڑک پہ چھتہ پاکستان شہر سمیت دنیا بھر عمران خاں حق مظاہرے حالات م,2022-04-10 20:10:12
244,دوسرا طاقت بن اسوقت لاہیک کنجوسی مت سلیبرٹی مت بن فالو جاہیں مقصد تحت مریم نواز ,2022-04-10 20:10:12
245,لوگ باہر لوگ نکل جلسا ملک باہر بغیر لیڈر خود خان باہرایگا حال نام شر,2022-04-10 20:10:12
246,یوتھیو سچا خان ساتھ کھڑے کل امریکن ایمبیسی گھیراو ساتھ آجاؤ,2022-04-10 20:10:13
247,شمع فروزاں آندھی ڈراتا شمع فروزاں پروانہ ہزار امپورٹڈگورمنٹنامنظور,2022-04-10 20:10:13
248,حال محب وطن بن حامد میر صافی حسین حقانی میڈیا سٹریٹیجی الیکٹرانک میڈیا پرو لوگو,2022-04-10 20:10:13
249,پہاڑی علاقہ آدھی رات اتنی تعداد لوگ نکالنا کمال قسم دیر آواز,2022-04-10 20:10:13
250,لوگ باہر لوگ نکل جلسا ملک باہر بغیر لیڈر خود خان باہرایگا حال نام شر,2022-04-10 20:10:13
251,کراچی راشد منہاس روڈ سرگودھا کچہری پل لاہور لبرٹی چوک سیالکوٹ قلب راولپنڈی مری روڈ اسلام آباد زیرو پوائینٹ عوام جم غفیر ٹی وی چینل کور ص م ب ك م عمرانہمتمارےسں امپورٹڈحکومتنامنظور,2022-04-10 20:10:13
252,پہاڑی علاقہ آدھی رات اتنی تعداد لوگ نکالنا کمال قسم دیر آواز,2022-04-10 20:10:13
253,    ,2022-04-10 20:10:13
254,عمران خان پاکستان پہلا وزیر اعظم خلاف عدم اعتماد کامیاب ئی اسکی انفرادیت باقی کرپشن,2022-04-10 20:10:13
255,ن لیگ پالتو مختلف ادارہ بیٹھ پٹواری وقت دیکھانا شروع ,2022-04-10 20:10:13
256,حساب لوگ خان سپورٹ باہر عاشقان جی ایچ کیو تحریک لبیک جلدی آڈر مل ,2022-04-10 20:10:13
257,ارادہ پختہ نظر خدا تلاطم خیز موج گھبرایا ,2022-04-10 20:10:13
258,آج سن دل باغ باغ چوکیدار چور اب چوکیدار چاہیے سیاست انگل تیلا پرہیز ملکی قیادت فیصلہ عوام ووٹ کارکردگی پسند اگلا الیکشن باہر مزید نعرہ چوکیدار چیلا ,2022-04-10 20:10:13
259,پاکستانی عوام سوموٹو انصاف دلالہ بج عدالت کھلوانہ بھکاری اپوزیشن واضح پیغام امریکا پھٹو لوگ بن عوام ,2022-04-10 20:10:13
260,خطرناک کیفیت شخصیت سحر اتنا مبتلا آئین قانون ضابطہ حتی مہذب گفتگو بھو,2022-04-10 20:10:13
261,غلامی کام شمشیر تدبیر ذوق یقین پیدا کٹ زنجیر اقبال,2022-04-10 20:10:13
262,شہباز شریف کاغذہ نامزدگی منظور ایف آئ پہلا آرڈر کل وکیل ٹیم شہباز شریف مقدمہ م,2022-04-10 20:10:14
263,ب ھکاری باپ پاکستانی ,2022-04-10 20:10:14
264,عمران خان حکومت بات واضح لیڈرشپ تاجر چننا خوشحال ,2022-04-10 20:10:14
265,نیازی غنڈ جگہ سٹیج بنا جہاں عام پبلک گزر جلسی گراونڈ بہتر پوری رات پھیٹتا ساتھ ہلکا ہلکا قریبی کھڑے شخص چار تھپڑ مار رو دن رو دل ہلکا جائے ,2022-04-10 20:10:14
266,بلیئن ٹری سونامی سکینڈل ارب درخت ایماندار نیازی کرپٹ حکومت پچھلا سات سال عوام غلط بیانی اربو,2022-04-10 20:10:14
267,مزا بات خان بھر نکلا سوچو خود نکل نظارہ امپورٹڈحکومتنامنظور,2022-04-10 20:10:14
268,اقتدار نشے فرانس دلالی تحریک لبیک پاکستان نہتے کارکن سیدھی گولی چلا آج ذلیل ل,2022-04-10 20:10:14
269,سمجھ بکا میڈیا روک انقلاب روک غصہ انصاف خلاف احتجاج میڈیا کوریج ,2022-04-10 20:10:14
270,عمران خان پاکستان پہلا وزیر اعظم خلاف عدم اعتماد کامیاب ئی اسکی انفرادیت باقی کرپشن,2022-04-10 20:10:14
271,فاروق بندیال اداکارہ شبنم ریپ بھائی عطا بندیال پاکستان غیرت ناموس پامال ب,2022-04-10 20:10:15
272,تحریک انصاف امیر غریب ,2022-04-10 20:10:15
273,خانتیراایکاشارہحاضرلہوہمارا شیر زخمی کتا مدد خان ببرشیر اکیلا کتا لڑا ,2022-04-10 20:10:15
274,راولپنڈی لوگ سڑک پہ چھتہ پاکستان شہر سمیت دنیا بھر عمران خاں حق مظاہرے حالات م,2022-04-10 20:10:15
275,مرمت ,2022-04-10 20:10:15
276,ملک بھر ساختہ لوگ سڑک پہ نکل حیرت ٹی وی چینل کم دکھ لاہورکی کیفیت ش,2022-04-10 20:10:15
277,لوگ باہر لوگ نکل جلسا ملک باہر بغیر لیڈر خود خان باہرایگا حال نام شر,2022-04-10 20:10:15
278,خودار پاکستانی آواز بھکاری باپ شو باز امپورٹڈحکومتنامنظور,2022-04-10 20:10:15
279,بہ وڈی غلطی بیٹھ سرکار بہ وڈی سزا یافتہ بھکاری وزیر اعظم بنا ضد ڈوبا ڈوب,2022-04-10 20:10:15
280,باپ بیٹی پیار چمچہ گیری ,2022-04-10 20:10:15
281,شروعات حریت پاسپاں خود نکل عالم سازش والو ہوش ناخن ,2022-04-10 20:10:15
282,ملک بھر ساختہ لوگ سڑک پہ نکل حیرت ٹی وی چینل کم دکھ لاہورکی کیفیت ,2022-04-10 20:10:15
283,آنس دیکھ اک اک آنس بدل انشاءالل ہ حسابباقیہے,2022-04-10 20:10:15
284,تحریک انصاف امیر غریب ,2022-04-10 20:10:15
285,پیدا ہ وا پاکستان آزاد پاکستان,2022-04-10 20:10:16
286,صحت کارڈ خان ساتھ ختم کرائم منسٹر کرائم کارڈ نکال بنک فراڈ آسان ,2022-04-10 20:10:16
287,عوام ایکشن دیکھ مونس ال آج پرویز ال دیکھ بچا ناں,2022-04-10 20:10:16
288,خان صاحب قوم روشن وقت سوئیں انصاف پاکستان حقیقی,2022-04-10 20:10:16
289,لوگ انصاف گالی ادارہ برا بھلا سارا شہر ویڈیوز منگواؤ ادارہ د,2022-04-10 20:10:16
290,پوری قوم شوباز شریف جواب بھکاری باپ امپورٹڈحکومتنامنظور,2022-04-10 20:10:16
291,تحریک انصاف امیر غریب ,2022-04-10 20:10:16
292,سرکار ٹوئٹ پڑھ لکھ وطناں غدار غیر آئینی کام جماعت کالعدم قرار چاہیے آئین خلاف روک ضرورت ,2022-04-10 20:10:16
293,بلیئن ٹری سونامی سکینڈل ارب درخت ایماندار نیازی کرپٹ حکومت پچھلا سات سال عوام غلط بیانی اربو,2022-04-10 20:10:16
294,الل ہ الل ہ دل پاوا جھلی مینوں سوہنے بلایا مدینہ آں حسابباقیہے,2022-04-10 20:10:16
295,پاکستانی عوام ازخود نوٹس جناب گیے دل دڑکھ رھا عوام سمندر دیکھ جناب ہوش ب,2022-04-10 20:10:16
296,ب ھکاری باپ پاکستانی ,2022-04-10 20:10:16
297,میڈیا بلیک آوٹ کروا اکھاڑ الٹا مزید نقاب آج جنریشن معلومات کیلئے آپکا جیونیوز محتاج ,2022-04-10 20:10:16
298,مائی لارڈ ڈیئر سر باہر نکلیں دیکھ عمران خان نکال پاکستانی دل ,2022-04-10 20:10:16
299,انشاء اللہ تعال ی تین چیلنج پورا ,2022-04-10 20:10:16
300,آج عہد پاکستان حفاظت خون آخری قطرہ پاکستان حفاظت غلامی مانتے غلام رب پیارا نبی غلام ایمان والو اکٹھا دشمنا نستو نابود کردو,2022-04-10 20:10:16
301,مرمت ,2022-04-10 20:10:16
302,لاہور فیصلہ س اگلا الیکشن لاہور سمیت پنجاب عمران خان تہائی اکثریت نکل انشاءال,2022-04-10 20:10:17
303,اللہ قسم ساری زندگی پتا حسین علیہ السلام عمران خان ساتھ ساری کربلہ سمجھ شخص عمران کردار حسین یزید مخالف امپورٹڈگورنمنٹنامنظور امپورٹڈحکومتنامنظور,2022-04-10 20:10:17
304,استعفا غلطی حماقت اسمبلی دبا چیز عوامی احتجاج پلس پوائنٹ ,2022-04-10 20:10:17
305,لوگ انصاف گالی ادارہ برا بھلا سارا شہر ویڈیوز منگواؤ ادارہ د,2022-04-10 20:10:17
306,سمجھ بکا میڈیا روک انقلاب روک غصہ انصاف خلاف احتجاج میڈیا کوریج ,2022-04-10 20:10:17
307,والدہ ڈھائی سال بستر مرگ اورسال والد شدید بیماری شکار ڈھائی سال میراملنا جلنا دوست,2022-04-10 20:10:17
308,اتنا احتجاج میڈیا دکھ ,2022-04-10 20:10:17
309,احتجاج رد عمل مکروہ عمل باجوہ صاحب قوم فیصلہ سنا خدارا ادارہ وقار خاک مت ملاؤ استعفی دفعہ امریکہ باجوہاستعفیدو امپورٹڈحکومتنامنظور,2022-04-10 20:10:17
310,اسمبلی استعفا تحریک انصاف سیاسی بلنڈر خالی ہونیوالےحل ضمنی الیکشن جائینگے تحریک انصا,2022-04-10 20:10:17
311,شہباز شریف کاغذہ نامزدگی چیلنج چاہئے ضمانت ملزم شخص وقت مجرم بن ,2022-04-10 20:10:17
312,چراغ گل لوگ اب میاں مٹھو بن میڈیا ایڈورٹائزمنٹ قوم لوگ م,2022-04-10 20:10:17
313,سنو رونگٹہ کھڑے پاکستان کراچی عوام عمران ,2022-04-10 20:10:17
314,بہ وڈی غلطی بیٹھ سرکار بہ وڈی سزا یافتہ بھکاری وزیر اعظم بنا ضد ڈوبا ڈوب,2022-04-10 20:10:17
315,عمران خان حکومت ختم اسلام قرآن پاک توہین بدبخت خوشی ملاحظہ کیجئے آخر وجہ قرآن ا,2022-04-10 20:10:17
316,چمچا جی دن انکل اقتدار یاد لوگ میڈیا تحریک لبیک پاکستان کوریج ,2022-04-10 20:10:18
317,شمع فروزاں آندھی ڈراتا شمع فروزاں پروانہ ہزار امپورٹڈگورمنٹنامنظور,2022-04-10 20:10:18
318,معلومات بنیاد پہ عرض نومبر چیف آف آرمی سٹاف جنرل قمر جاوید باجوہ سبکدوش معلومات بن,2022-04-10 20:10:18
319,عمران خان رخصت اب میڈیا خصوصا چینلز خوداحتسابی ضرور کہاں کہاں حب عمران کہاں کہاں بغض,2022-04-10 20:10:18
320,لعنت شاہین وار جنریشن میزائل بنا فائدہ ٹیکس پالا کاروبار بنا زمیں جرنیل بانٹ منتخب حکومت دھمکی گری ایجنسی دلا سوئے اصل اب پیسہ کاروبار پیارا بوجھ ,2022-04-10 20:10:18
321,عمران خان بغیر اتنی تعداد عوام نکل عمران خان صاحب خود نکل منظر امپورٹڈحکومت,2022-04-10 20:10:18
322,بیغیرتو ذندہ پاکستان اعلی غدارو پاکستان مختلف شہر تصاویر,2022-04-10 20:10:18
323,پوری قوم شوباز شریف جواب بھکاری باپ امپورٹڈحکومتنامنظور,2022-04-10 20:10:18
324,بیغیرت قیادت روشن م ستقبل امید دیوانہ خواب ,2022-04-10 20:10:18
325,پرامن احتجاج جماعت بنیادی حق پی ٹی مظاہرہ کووریج روک غلط کام پی ٹی کام ص,2022-04-10 20:10:18
326,چینل اینکرز رولنگ مسترد عدم منظور اتنا زور ڈائپر بھر اندازہ ا,2022-04-10 20:10:19
327,خودار پاکستانی آواز بھکاری باپ شو باز امپورٹڈحکومتنامنظور,2022-04-10 20:10:19
328,ملک بھر ساختہ لوگ سڑک پہ نکل حیرت ٹی وی چینل کم دکھ لاہورکی کیفیت ش,2022-04-10 20:10:19
329,عوام اب غیرت دکھانی غدار بائیکاٹ انکا گھر نکلنا محال کردیں گور ملک غدار لوگ,2022-04-10 20:10:19
330,چیرمین پاکستان تحریک انصاف عمران خان زیر صدارت کل بروز سوموار تحریک انصاف پارلیمانی پارٹی اجلاس انشاء,2022-04-10 20:10:19
331,پاسپورٹ جلا پاکستان بیغیرت زاانی چپیڑ پڑ گئ اج لندن بیٹھ ریمیٹنس پ,2022-04-10 20:10:19
332,سنو رونگٹہ کھڑے پاکستان کراچی عوام عمران ,2022-04-10 20:10:19
333,پاکستانی دل خوش اپ اج پوری دنیا پاکستان شہر احتجاج ریلی دیکھ یقین خان تہا ٸ,2022-04-10 20:10:19
334,سرکار خاتم النبینﷺ عزت ناموس دین اسلام تحفظ پوری دنیا تسلیم کروا عمران خان مقبولیت آج پوری دنیا دیکھ ساری دنیا میڈیا عوام سمندر براہ راست دکھ عمران عزت رب مبارک امپورٹڈحکومتنامنظور,2022-04-10 20:10:19
335,ہائے قربان جاوں آذادی میڈیا بات آج تحریک انصاف ملک گیر مظاہرہ کالعدم تنظیم ,2022-04-10 20:10:19
336,اندھا نظر ,2022-04-10 20:10:19
337,عمران خان ہتھیلی جان ہتھیلی تھوڑی عمران خان نکال جڑ کھوکھلی چک تمکو اندازہ,2022-04-10 20:10:19
338,رات سوشل میڈیا کریک ڈاؤن شروع سالیو تاڈی نسلاں وی ہیرا منڈی وچ نچن گئیاں پی ٹی سوشل میڈی,2022-04-10 20:10:19
339,لوگ باہر لوگ نکل جلسا ملک باہر بغیر لیڈر خود خان باہرایگا حال نام شر,2022-04-10 20:10:19
340,تحریک انصاف امیر غریب ,2022-04-10 20:10:19
341,یزید جیت مطلب حسین ہار برحق کےلیے اکثریت درکار بہادر اکیلا جیت شجاعت ,2022-04-10 20:10:20
342,مائی لارڈ ڈیئر سر باہر نکلیں دیکھ عمران خان نکال پاکستانی دل ,2022-04-10 20:10:20
343,بھارتی اپوزیشن لیڈر راہول گاندھی پاکستانی طنز ٹویٹ لکھ ھـے نریندرمودی قوم جواب پاکستان لڑ کیلیے ارب ڈالر مہنگہ ترین ہتھیار خریدہ جبکہ ارب ڈالر کم پورا پاکســتان خرید جاسکتا ھے مبارک غلام,2022-04-10 20:10:20
344,گدھا بہر آج یقین ,2022-04-10 20:10:20
345,فاروق بندیال اداکارہ شبنم ریپ بھائی عطا بندیال پاکستان غیرت ناموس پامال ب,2022-04-10 20:10:20
346,انصاف تیار امپورٹڈحکومتنامنظور,2022-04-10 20:10:20
347,عمران خان بغیر اتنی تعداد عوام نکل عمران خان صاحب خود نکل منظر امپورٹڈحکومت,2022-04-10 20:10:20
348,روز حکومت گر جشن منا دن احتجاج کمال پانڈے جی,2022-04-10 20:10:20
349,اصل عوامی طاقت ساتھ دیکھ آرمی چیف جنرل قمر جاوید باجوہ صاحب فائیو ممیز ججز ہائی کورٹ اط,2022-04-10 20:10:20
350,ب ھکاری باپ پاکستانی ,2022-04-10 20:10:20
351,اتنا احتجاج میڈیا دکھ ,2022-04-10 20:10:20
352,جناب آج ٹویٹ شہر حق نکلا جواب ,2022-04-10 20:10:20
353,شمع فروزاں آندھی ڈراتا شمع فروزاں پروانہ ہزار امپورٹڈگورمنٹنامنظور,2022-04-10 20:10:20
354,پاکستان جمہوریت حسن سیٹ اپوزیشن سیٹ اقتدار پاکستان جمہوریت بد صورتی,2022-04-10 20:10:20
355,لوگ باہر لوگ نکل جلسا ملک باہر بغیر لیڈر خود خان باہرایگا حال نام شر,2022-04-10 20:10:20
356,اتنا احتجاج میڈیا دکھ ویسےکوئی فرق پڑ میڈیادیکھتا ,2022-04-10 20:10:21
357,بلیئن ٹری سونامی سکینڈل ارب درخت ایماندار نیازی کرپٹ حکومت پچھلا سات سال عوام غلط بیانی ارب روپہ گھپلہ سرا ارب درخت درخت اکثریت غائب علاوہ کئی ٹھیکیدار کیش ادا پتہ ,2022-04-10 20:10:21
358,برا حال بھکاری انشاء اللہ امپورٹڈحکومتنامنظور,2022-04-10 20:10:21
359,شہباز شریف کاغذہ نامزدگی چیلنج چاہئے ضمانت ملزم شخص وقت مجرم بن ,2022-04-10 20:10:21
360,آج پورا پاکستان گھر تالا گھر سارا فرد سڑک تین گھنٹہ گھر واپس نہی,2022-04-10 20:10:21
361,اتنا احتجاج میڈیا دکھ ,2022-04-10 20:10:21
362,جناب آج ٹویٹ شہر حق نکلا جواب ,2022-04-10 20:10:21
363,اتنا احتجاج میڈیا دکھ ,2022-04-10 20:10:21
364,انقلاب دستک معتبر لوگ ادارہ میڈیا آنکھ پھیرا کوشش یاد سورج روشنی آنکھ فرق پڑ ہوش ناخن انقلاب کنٹرول حقیقت سامنا عمران خان زندہ باد,2022-04-10 20:10:21
365,اتنا پیمانے مظاہرے کہیں فوج مخالف نعر اطلاع مل فرق محب وطن لیڈر بکاؤ گیدڑ,2022-04-10 20:10:21
366,غلط جگہ چھیڑ بیٹھ بھائی لوگ کل رات عمران خان ہاتھ پیر باندھ مفلوج پورا ,2022-04-10 20:10:21
367,لوگ باہر لوگ نکل جلسا ملک باہر بغیر لیڈر خود خان باہرایگا حال نام شر,2022-04-10 20:10:21
368,چور ,2022-04-10 20:10:21
369,کراچی مصروف کم باہر نکلتا بات قومی غیرت خودداری سچا لیڈر ساتھ اظہار,2022-04-10 20:10:21
370,ویسی بھرنی ٹائم نیوز چینل کوریج سوائے مالشی چینل ک,2022-04-10 20:10:21
371,عوام اب غیرت دکھانی غدار بائیکاٹ انکا گھر نکلنا محال کردیں گور ملک غدار لوگ,2022-04-10 20:10:22
372,جناب آج ٹویٹ شہر حق نکلا جواب ,2022-04-10 20:10:22
373,لاہور لبرٹی مارکیٹ پسندیدہ ہوٹل سینڈوچ منگوانا راستہ بند سوشل میڈیا دیکھ دنگ,2022-04-10 20:10:22
374,حکومت دوران ضمنی الیکشن سیٹ ہارنا خلاف عالمی شازش ,2022-04-10 20:10:22
375,ہمت ہارو غم کھاؤ ایمان غالب القرآن,2022-04-10 20:10:22
376,مہینہ تحریک عدم اعتماد حمایت کامیاب عمران خان تحریک انصاف,2022-04-10 20:10:22
377,عرض سیاست فیصلہ عدالت کوشش تباہ کن سمجھ آج باہر نکلیں عو,2022-04-10 20:10:22
378,لمحہ انعام امتحان جماعت مل تکبر شکست اب متحد عوام مسئلہ حل آپس,2022-04-10 20:10:22
379,سر أپ سکسٹی زندگی شہر عوام نکلتا دیکھ ,2022-04-10 20:10:22
380,لاہور لبرٹی مارکیٹ پسندیدہ ہوٹل سینڈوچ منگوانا راستہ بند سوشل میڈیا دیکھ دنگ,2022-04-10 20:10:22
381,پاکستان سٹیک ہولڈرز منہ زوردار تھپڑ محسوس حس ,2022-04-10 20:10:22
382,رات بارہ بج چیپ جسٹس عدالت عوام دھمکی عوام تاحیات اہل دیگا دھمکی جواب عوام آج,2022-04-10 20:10:22
383,راولپنڈی لوگ سڑک پہ چھتہ پاکستان شہر سمیت دنیا بھر عمران خاں حق مظاہرے حالات م,2022-04-10 20:10:22
384,آپکی رائے تحریک انصاف اسمبلی مستعفی چاہیے ,2022-04-10 20:10:22
385,چینل اینکرز رولنگ مسترد عدم منظور اتنا زور ڈائپر بھر اندازہ ا,2022-04-10 20:10:22
386,دیکھ عوام سمندر تمکو چلتی مشین ہاتھ عمران خان نکال اللہ اسکا محافظ ر,2022-04-10 20:10:22
387,لوگ باہر لوگ نکل جلسا ملک باہر بغیر لیڈر خود خان باہرایگا حال نام شر,2022-04-10 20:10:22
388,انسان اقوام متحدہ خدائی دعوی دنیاوی قوتہ اللہ نبی کریم صل اللہ علیہ والہ,2022-04-10 20:10:23
389,جناب صاحب جنگ مصلت لڑنا واجب پہ جنگ مصلت ایمان ک,2022-04-10 20:10:23
390,لوگ باہر لوگ نکل جلسا ملک باہر بغیر لیڈر خود خان باہرایگا حال نام شر,2022-04-10 20:10:23
391,رک جائیے خان صاحب اسمبلی استعفا خود کشی مشورہ معلومات غلط شائد ایجنٹ ,2022-04-10 20:10:23
392,دبا پاؤں جاگ عمران خان شیر لوگ اکیلا گرجتا اسکا لیڈر کمال,2022-04-10 20:10:23
393,عرض سیاست فیصلہ عدالت کوشش تباہ کن سمجھ آج باہر نکلیں عو,2022-04-10 20:10:23
394,پاکستان شہر احتجاج غیرت مند عوام آواز امپورٹڈحکومتنامنظور بھکاری حکومت نامنظور بچہ,2022-04-10 20:10:23
395,پاکستانی گزارش فیسبک ٹویٹر واٹس ایپ سٹیٹس واٹس ایپ گروپس جگہ عوام سمندر ویڈیوز لگائیں پھیلا,2022-04-10 20:10:23
396,اسما شوکت مطابق پیٹرول ڈلوایا پیٹرول پمپ پیس وائسرا شہبازشریف ,2022-04-10 20:10:23
397,اتنا احتجاج میڈیا دکھ ,2022-04-10 20:10:23
398,آزادی مل تحریک آج دن عمران خان قیادت شروع اللہ کامیابی آمین امپورٹڈ,2022-04-10 20:10:23
399,عرض سیاست فیصلہ عدالت کوشش تباہ کن سمجھ آج باہر نکلیں عو,2022-04-10 20:10:23
400,نیا چیف تقرر مدت نومبر پوری جنوری الیکشن م شکل ,2022-04-10 20:10:23
401,پاکستان تاریخ شہر ہوارمضان المبارک مہینہ اتنی رات شر لوگ گھر نکل سوچ پاکستانی عوام چار دن بھول امپورٹڈحکومتنامنظور,2022-04-10 20:10:23
402,سوچ ناں ڈرو دن کپتان کال سونامی اسلام آباد داخل امپورٹڈحکومتنامنظور,2022-04-10 20:10:23
403,حرام خور نمک حرامی ملک آئین ساتھ غداری نیازی ,2022-04-10 20:10:23
404,واہ سلواٹ اپ بہادر خاتون ,2022-04-10 20:10:23
405,حسینی حسین ڈٹ مقابلہ روک روک امپورٹڈحکومتنامنظور,2022-04-10 20:10:23
406,یزید جیت مطلب حسین ہار برحق کےلیے اکثریت درکار بہادر اکیلا جیت شجاعت ,2022-04-10 20:10:24
407,علماء ناموس رسالت دشمن یورپ امریکہ خلاف کھڑے حالت ابن علقمی بغداد علماء جی,2022-04-10 20:10:24
408,حساب لوگ خان سپورٹ باہر عاشقان جی ایچ کیو تحریک لبیک جلدی آڈر مل ,2022-04-10 20:10:24
409,جی علیم پیسہ ترین پیسہ لاکھ مجمع اب اکٹھا ملک طول عرض امپورٹڈحکومتنامنظور,2022-04-10 20:10:24
410,ایکـ دل جانـے کہاں کھو زنـدگی اکـــــ وقفـــ جاناں ,2022-04-10 20:10:24
411,مرمت ,2022-04-10 20:10:24
412,پرامن احتجاج جماعت بنیادی حق پی ٹی مظاہرہ کووریج روک غلط کام پی ٹی کام ص,2022-04-10 20:10:24
413,شمع فروزاں آندھی ڈراتا شمع فروزاں پروانہ ہزار امپورٹڈگورمنٹنامنظور,2022-04-10 20:10:24
414,لوگ باہر لوگ نکل جلسا ملک باہر بغیر لیڈر خود خان باہرایگا حال نام شر,2022-04-10 20:10:24
415,جی علیم پیسہ ترین پیسہ لاکھ مجمع اب اکٹھا ملک طول عرض امپورٹڈحکومتنامنظور,2022-04-10 20:10:24
416,لاہور لبرٹی مارکیٹ پسندیدہ ہوٹل سینڈوچ منگوانا راستہ بند سوشل میڈیا دیکھ دنگ,2022-04-10 20:10:25
417,اتنا احتجاج میڈیا دکھ ویسےکوئی فرق پڑ میڈیادیکھتا ,2022-04-10 20:10:25
418,راولپنڈی لوگ سڑک پہ چھتہ پاکستان شہر سمیت دنیا بھر عمران خاں حق مظاہرے حالات م,2022-04-10 20:10:25
419,باوجوہ چار مشٹنڈہ استعفی محکمہ دفع غیرت مند محب وطن پاکستانی بچہ پاکستان آرمی چیف عہدہ قوم امانت باجوے بیچ ,2022-04-10 20:10:25
420,پاکستانی دل خوش اپ اج پوری دنیا پاکستان شہر احتجاج ریلی دیکھ یقین خان تہا ٸ,2022-04-10 20:10:25
421,لوگ باہر لوگ نکل جلسا ملک باہر بغیر لیڈر خود خان باہرایگا حال نام شر,2022-04-10 20:10:25
422,ہجوم قوم سفر مبارک پاکستان زندہ آباد امپورٹڈحکومتنامنظور,2022-04-10 20:10:25
423,روشن ڈیجیٹل اکاؤنٹس پیس ٹرانسفر پلیز نواز شریف دور اکاؤنٹس فریز ,2022-04-10 20:10:25
424,اتنا احتجاج میڈیا دکھ ویسےکوئی فرق پڑ میڈیادیکھتا ,2022-04-10 20:10:25
425,سنا غلامو حال سوری سلام اندرونی مسلمان دیکھاوے ویسے غلا,2022-04-10 20:10:25
426,سنو رونگٹہ کھڑے پاکستان کراچی عوام عمران ,2022-04-10 20:10:25
427,مبارک پی ٹی والو عمران خان گھر ,2022-04-10 20:10:25
428,وزیر اعظم ہاؤس چھوڑا پہلےمیرے کپتان میڈیا اینکرز سوال بتاؤ عوام علاوہ کوئ میر,2022-04-10 20:10:25
429,بہ وڈی غلطی بیٹھ سرکار بہ وڈی سزا یافتہ بھکاری وزیر اعظم بنا ضد ڈوبا ڈوب,2022-04-10 20:10:25
430,پیاری بہن عمران نیازی سوشل میڈیا ایکٹوسٹ زریعہ ملک خانہ جنگی دھکیل بھاری رقم ادا مشہور باقی سمجھدار وسلام,2022-04-10 20:10:25
431,باغی ملک حاوی چک لبیک حسین علیہ السلام امپورٹڈگورنمنٹنامنظور حسابباقیہے,2022-04-10 20:10:25
432,رات پائے آنکھ آنس روک پا دل افسردہ سر سایہ ہٹ,2022-04-10 20:10:26
433,پیدا ہ وا پاکستان آزاد پاکستان,2022-04-10 20:10:26
434,عرض سیاست فیصلہ عدالت کوشش تباہ کن سمجھ آج باہر نکلیں عو,2022-04-10 20:10:26
435,عدلیہ فوج اپوزیشن سوچ عمران ریکوڈک جرمانہ معاف کرا اکاونٹ کھلوا کڑوڑ ڈالر ,2022-04-10 20:10:26
436,غدار سلیکٹیڈ ٹولا مقابلہ غیور آزاد خودمختار خودار جنونی پاکستانی آج پوری قوم عمران خان حق اع,2022-04-10 20:10:26
437,عرض سیاست فیصلہ عدالت کوشش تباہ کن سمجھ آج باہر نکلیں عو,2022-04-10 20:10:26
438,خاندان حادثہ موقع ساتھ حادثہ متحد گیے عم,2022-04-10 20:10:26
439,تحریک انصاف امیر غریب ,2022-04-10 20:10:26
440,عمران خان پاکستان پہلا وزیر اعظم خلاف عدم اعتماد کامیاب ئی اسکی انفرادیت باقی کرپشن,2022-04-10 20:10:26
441,تین فوجی ٹرک پولیس وین دیکھ بھاگا ادا یوتھی دنیا ویران واہ کھان سانپ تیریا دلیری حساب,2022-04-10 20:10:26
442,لوگ باہر لوگ نکل جلسا ملک باہر بغیر لیڈر خود خان باہرایگا حال نام شر,2022-04-10 20:10:26
443,حساب لوگ خان سپورٹ باہر عاشقان جی ایچ کیو تحریک لبیک جلدی آڈر مل ,2022-04-10 20:10:26
444,چینل اینکرز رولنگ مسترد عدم منظور اتنا زور ڈائپر بھر اندازہ ا,2022-04-10 20:10:26
445,تحریک انصاف امیر غریب ,2022-04-10 20:10:26
446,راولپنڈی لوگ سڑک پہ چھتہ پاکستان شہر سمیت دنیا بھر عمران خاں حق مظاہرے حالات م,2022-04-10 20:10:26
447,پرامن احتجاج جماعت بنیادی حق پی ٹی مظاہرہ کووریج روک غلط کام پی ٹی کام ص,2022-04-10 20:10:26
448,لوگ باہر لوگ نکل جلسا ملک باہر بغیر لیڈر خود خان باہرایگا حال نام شر,2022-04-10 20:10:26
449,دیکھ آنکھ کھول دیکھ بےشرم جاہل سمجھ عوام اب بتائیے وزیراعظم ایماندار,2022-04-10 20:10:26
450,آج ملک عوام فوج سےدور بیرونی دشمن کامیاب عوام محبت فوج کیلیے دن بڑ,2022-04-10 20:10:26
451,لاہور لبرٹی مارکیٹ پسندیدہ ہوٹل سینڈوچ منگوانا راستہ بند سوشل میڈیا دیکھ دنگ,2022-04-10 20:10:26
452,گونگا بہرا عدالت جی ایچ کیو دیکھ آنکھ کھول حشر اصل حشر ,2022-04-10 20:10:26
453,یزید جیت مطلب حسین ہار برحق کےلیے اکثریت درکار بہادر اکیلا جیت شجاعت ,2022-04-10 20:10:26
454,راولپنڈی لوگ سڑک پہ چھتہ پاکستان شہر سمیت دنیا بھر عمران خاں حق مظاہرے حالات م,2022-04-10 20:10:27
455,قوم جاگ جاۓ طاقت قوم کھڑی رب کائنات لیڈر فخر پاکستان عمران خان آفت,2022-04-10 20:10:27
456,اتنا احتجاج میڈیا دکھ ,2022-04-10 20:10:27
457,سیاستدان بیوروکریٹ نیندیں حرام اب آرام کدھر پہ ,2022-04-10 20:10:27
458,پاکستانیو ایمان اتحاد تنظیم مبارک غداری بیماری بھکاری,2022-04-10 20:10:27
459,چینل اینکرز رولنگ مسترد عدم منظور اتنا زور ڈائپر بھر اندازہ ا,2022-04-10 20:10:27
460,سوشل میڈیا حکومت بن ٹوٹ دنیا پہ ہیکرز راج جان ٹرینڈ بن بنا ,2022-04-10 20:10:27
461,کراچی راشد منہاس روڈ سرگودھا کچہری پل لاہور لبرٹی چوک سیالکوٹ قلب راولپنڈی مری روڈ اسلام,2022-04-10 20:10:27
462,عوام موٹو اب پچھلا کمرہ چھپ بیٹھ نکلو باہر احتجاج انقلاب ,2022-04-10 20:10:27
463,آج دکان دکاندار گاہک آپس بات فحاشی اڈا کھلا رات سپریم کورٹ کھل,2022-04-10 20:10:27
464,مریم چاچو شوباز گلی محلہ نعرہ بھکاری باپ,2022-04-10 20:10:27
465,اب ,2022-04-10 20:10:27
466,حیرت ملک عام آدمی درخواست سپریم کورٹ جج ہائی کورٹ چیف جستس آدھی رات عدالت پہنچ جائی,2022-04-10 20:10:27
467,چینل اینکرز رولنگ مسترد عدم منظور اتنا زور ڈائپر بھر اندازہ ا,2022-04-10 20:10:27
468,اتنا احتجاج میڈیا دکھ ویسےکوئی فرق پڑ میڈیادیکھتا ,2022-04-10 20:10:27
469,ملک بھر ساختہ لوگ سڑک پہ نکل حیرت ٹی وی چینل کم دکھ لاہورکی کیفیت ش,2022-04-10 20:10:28
470,ب ھکاری باپ پاکستانی ,2022-04-10 20:10:28
471,آج رات عدالت کھلا عوامی احتجاج دیکھ ججز آنکھ ضرور کھلا گئ ,2022-04-10 20:10:28
472,خان اکیلا الل ہ دیکھ خود زلیل الحمدالل ہ خان کیساتھ پوری دنیا کھڑی ,2022-04-10 20:10:28
473,دیکھ عوام سمندر تمکو چلتی مشین ہاتھ عمران خان نکال اللہ اسکا محافظ ر,2022-04-10 20:10:28
474,راولپنڈی لوگ سڑک پہ چھتہ پاکستان شہر سمیت دنیا بھر عمران خاں حق مظاہرے حالات م,2022-04-10 20:10:28
475,یاد یاد یاد ,2022-04-10 20:10:28
476,سنو رونگٹہ کھڑے پاکستان کراچی عوام عمران ,2022-04-10 20:10:28
477,امپورٹڈ حکومت منظور منظور ایکسٹینشن منظور منظور بھکاری اولاد دھکا ,2022-04-10 20:10:28
478,مرمت ,2022-04-10 20:10:28
479,مرمت ,2022-04-10 20:10:28
480,بواسیر یوتھی منہ ,2022-04-10 20:10:28
481,کپتان سلیکٹ رجیکٹ ھو آخری گیند ذرداری صاحب چھکا گیند گم کردی,2022-04-10 20:10:28
482,محلاتی سازش غلطی غلطی,2022-04-10 20:10:28
483,شکریہ بوریوالہ وہاڑی سچا کپتان کھلاڑی سیاست اناڑی اکیلا امریکی,2022-04-10 20:10:28
484,لاہور لبرٹی مارکیٹ پسندیدہ ہوٹل سینڈوچ منگوانا راستہ بند سوشل میڈیا دیکھ دنگ,2022-04-10 20:10:29
485,لوگ باہر لوگ نکل جلسا ملک باہر بغیر لیڈر خود خان باہرایگا حال نام شر,2022-04-10 20:10:29
486,اللہ قسم ساری زندگی پتا حسین علیہ السلام عمران خان ساتھ ساری کربلہ سمجھ شخص عمران کردار حسین یزید مخالف امپورٹڈگورنمنٹنامنظور امپورٹڈحکومتنامنظور,2022-04-10 20:10:29
487,لاہور لبرٹی مارکیٹ پسندیدہ ہوٹل سینڈوچ منگوانا راستہ بند سوشل میڈیا دیکھ دنگ,2022-04-10 20:10:29
488,خان صاحب مقبولیت گزر روز ملٹی پلائی ماہر ریاضی دان آج حساب بتا امپورٹڈحکومتنامنظور,2022-04-10 20:10:29
489,راولپنڈی لوگ سڑک پہ چھتہ پاکستان شہر سمیت دنیا بھر عمران خاں حق مظاہرے حالات م,2022-04-10 20:10:29
490,اللہ پ ر چیونٹیوں رینگتہ عمران خان امریکی سامراج مردہ باد,2022-04-10 20:10:29
491,لوگ باہر لوگ نکل جلسا ملک باہر بغیر لیڈر خود خان باہرایگا حال نام شر,2022-04-10 20:10:29
492,پاکستانی دل خوش اپ اج پوری دنیا پاکستان شہر احتجاج ریلی دیکھ یقین خان تہا ٸ,2022-04-10 20:10:29
493,لاہور لبرٹی مارکیٹ پسندیدہ ہوٹل سینڈوچ منگوانا راستہ بند سوشل میڈیا دیکھ دنگ,2022-04-10 20:10:29
494,حق سچ راستہ خان صاحب لیڈ لمبا راستہ کامیابی اللہ مدد ضرورت پاکستان نسل خان صاحب ساتھ ,2022-04-10 20:10:29
495,ایجنسیز مطابق ملین زائد لوگ ملک بھر احتجاج احتجاج جاری تعداد ڈبل ,2022-04-10 20:10:29
496,لوگ باہر لوگ نکل جلسا ملک باہر بغیر لیڈر خود خان باہرایگا حال نام شر,2022-04-10 20:10:29
497,آج سپیس وقت دلچسپ صورتحال پیدا گئ شہباز گل کلاس فیلو فیصل باد شریک اچھا معلومات,2022-04-10 20:10:29
498,شمع فروزاں آندھی ڈراتا شمع فروزاں پروانہ ہزار امپورٹڈگورمنٹنامنظور,2022-04-10 20:10:29
499,اتنا احتجاج میڈیا دکھ ,2022-04-10 20:10:29
500,وزیر اعظم ہاؤس چھوڑا پہلےمیرے کپتان میڈیا اینکرز سوال بتاؤ عوام علاوہ کوئ میر,2022-04-10 20:10:29
501,کراچی مصروف کم باہر نکلتا بات قومی غیرت خودداری سچا لیڈر ساتھ اظہار,2022-04-10 20:10:29
502,تحریک انصاف یوتھ ونگ بلوچستان ژوب ریجن صدر نور کاکڑ امپورٹڈ حکومت خلاف مسلم باغ احتجاج مظاہرے خطاب سینکڑہ ع,2022-04-10 20:10:29
503,چینل اینکرز رولنگ مسترد عدم منظور اتنا زور ڈائپر بھر اندازہ ا,2022-04-10 20:10:29
504,مشرق نکلتا سورج دیکھ اب تارا دیکھ دن ,2022-04-10 20:10:29
505,لٹیرا ڈاکوؤں ضمیر فروش خلاف قوم متحد خان صاحب ضمیر سوداگر عوام الیکشن کراؤ پاکستانی بکاؤ مال بات غیرت کراچی غیور عوام تاریخ رقم امپورٹڈ حکومت مانتے,2022-04-10 20:10:29
506,نظر بات اب عمران خان ذات بالاتر نوجوان مکمل آزادی خواہاں نوجوان غلامی قبول تیار ,2022-04-10 20:10:30
507,تحریک انصاف امیر غریب ,2022-04-10 20:10:30
508,لوگ باہر لوگ نکل جلسا ملک باہر بغیر لیڈر خود خان باہرایگا حال نام شر,2022-04-10 20:10:30
509,مان نوجوان نسل بیدار چک تبدیلی شخص قوم شعور بس اب انت,2022-04-10 20:10:30
510,آپکا چیف ایگزیٹیو دھمکی مل نیوٹرل قوم نیوٹرل نہی حق ساتھ کھڑی ,2022-04-10 20:10:30
511,ہائے قربان جاوں آذادی میڈیا بات آج تحریک انصاف ملک گیر مظاہرہ کالعدم تنظیم ,2022-04-10 20:10:30
512,ملک بھر ساختہ لوگ سڑک پہ نکل حیرت ٹی وی چینل کم دکھ لاہورکی کیفیت ش,2022-04-10 20:10:30
513,قدر خوبصورت نظارہ چیری بلاسم جوتا چمکاتا پیر بیٹھکر بھیک مانگتا اسکو باجوہ سلوٹ ک,2022-04-10 20:10:30
514,اورسیزیوتھے ففتھئےخنیرہ روتا بلکتا دیکھ خوشی مل مثال اللہ جگاڑ ہ,2022-04-10 20:10:30
515,لوگ باہر لوگ نکل جلسا ملک باہر بغیر لیڈر خود خان باہرایگا حال نام شر,2022-04-10 20:10:30
516,میڈیا بلیک آوٹ کروا اکھاڑ الٹا مزید نقاب آج جنریشن معلومات کیلئے آپکا جیونیوز محتاج ,2022-04-10 20:10:30
517,اتنا احتجاج میڈیا دکھ ویسےکوئی فرق پڑ میڈیادیکھتا ,2022-04-10 20:10:30
518,کپتان میدان عمران خان اندرونی بیرونی دشمنا لرزہ طاری شاء اللہ امپورٹڈگورمنٹنامنظور,2022-04-10 20:10:30
519,لوگ باہر لوگ نکل جلسا ملک باہر بغیر لیڈر خود خان باہرایگا حال نام شر,2022-04-10 20:10:30
520,غلامی جیت مبارک ہار فخر میںہوںعمران,2022-04-10 20:10:30
521,تحریک انصاف امیر غریب ,2022-04-10 20:10:30
522,مرشد عمران خان صاحب آپے جان قربان جینا سکھ آپکو چھوڑ ہجوم قوم بنا اب ,2022-04-10 20:10:30
523,کراچی مصروف کم باہر نکلتا بات قومی غیرت خودداری سچا لیڈر ساتھ اظہار,2022-04-10 20:10:31
524,شمع فروزاں آندھی ڈراتا شمع فروزاں پروانہ ہزار امپورٹڈحکومتنامنظور,2022-04-10 20:10:31
525,آج احتجاج تیار عمران خان پاکستانیو امپورٹڈحکومتنامنظور,2022-04-10 20:10:31
526,ب ھکاری باپ پاکستانی ,2022-04-10 20:10:31
527,مرمت ,2022-04-10 20:10:31
528,اکیلا نہی چھوڑسکھت عمران خان اب ضد ,2022-04-10 20:10:31
529,بھائی علاقہ تحریک ون کروا شاءالل ه بھائی فاروق کمانڈو بھائی بلا اتنا پ,2022-04-10 20:10:31
530,بات شروع ,2022-04-10 20:10:31
531,رمضان المبارک اللہ فرمان روزا محش گوئی شور مچائے,2022-04-10 20:10:31
532,کہاں سارا لگاؤ نعرہ پتا لبیک لبیک یارسول اللہ ﷺ حسابباقیہے,2022-04-10 20:10:31
533,تحریک انصاف امیر غریب ,2022-04-10 20:10:31
534,اتنا احتجاج میڈیا دکھ ,2022-04-10 20:10:31
535,ملک بھر ساختہ لوگ سڑک پہ نکل حیرت ٹی وی چینل کم دکھ لاہورکی کیفیت ش,2022-04-10 20:10:32
536,کل پوچھ مخالف لفظ دل چیرپھاڑ اج دیکھ کپتان پورا پاکستان عوام سڑک کوئ شہر بیٹا سچائ بہادری گواہی وقت سڑک پہ امپورٹڈ حکومت نامنظور منظور,2022-04-10 20:10:32
537,ڈاکٹر ارسلان خالد گھر حملہ خبر انتہائ تشویش ارسلان انتہائ باصلاحیت زیرک مخلص نوجوان پوری ت,2022-04-10 20:10:32
538,اپنامعززیف جسٹس پوچھناتھاکہ سانحہ بلدیہ ٹاؤن سانحہ ماڈل ٹاؤن کوئٹہ دن دیہاڑے مجیداچکزئی گاڑی تلاآکر ک چلےجانے,2022-04-10 20:10:32
539,روز حکومت گر جشن منا دن احتجاج کمال پانڈے جی,2022-04-10 20:10:32
540,ناموس رسالت ﷺ مارچ کتا بھونکنے آج لیڈر خاطر سڑک ذلیل پوچھنا ھے اب روڑ بلاک حلال حسابباقیہے,2022-04-10 20:10:32
541,شہباز شریف کاغذہ نامزدگی بطور وزیراعظم مسترد نیب ایف مقدمہ ,2022-04-10 20:10:32
542,عمران خان بائیکاٹ انشا الل ہ صفر ,2022-04-10 20:10:32
543,تحریک انصاف امیر غریب ,2022-04-10 20:10:32
544,گھر در گھر در پاک مژدہ گھرو صلا اچ ھے گھر حسابباقیہے,2022-04-10 20:10:32
545,اتنا احتجاج میڈیا دکھ ,2022-04-10 20:10:32
546,راولپنڈی لوگ سڑک پہ چھتہ پاکستان شہر سمیت دنیا بھر عمران خاں حق مظاہرے حالات م,2022-04-10 20:10:32
547,کوئ اچھا فیصلہ جوش ہوش کام وقت طاقتور اپوزیشن پاکستان,2022-04-10 20:10:32
548,ادھر ادھر بات بتا قافلہ لٹا رہزن گلا تری رہبری سوال اج نیوٹرل گٸ فیفتھ جرنیشن لالی پاپ اب خود چاہیے فوجی جنریل وزیراعظم ساتھ عوام ساتھ نگا,2022-04-10 20:10:32
549,راولپنڈی لوگ سڑک پہ چھتہ پاکستان شہر سمیت دنیا بھر عمران خاں حق مظاہرے حالات م,2022-04-10 20:10:33
550,اپنامعززیف جسٹس پوچھناتھاکہ سانحہ بلدیہ ٹاؤن سانحہ ماڈل ٹاؤن کوئٹہ دن دیہاڑے مجیداچکزئی گاڑی تلاآکر ک چلےجانے,2022-04-10 20:10:33
551,لوٹا خرید کراچی عوام جذبہ خرید خرید عالمگیر خان گلستان جوہر عوامی احتجاج خطاب,2022-04-10 20:10:33
552,بھائی جان انقلاب عمران خان گھر بیٹھ پورا ملک سڑک نکال سوچیں دن خود نکل ,2022-04-10 20:10:33
553,تحریک انصاف امیر غریب ,2022-04-10 20:10:33
554,تحریک انصاف امیر غریب ,2022-04-10 20:10:33
555,خود نکلا یقین مانے غلطی کردی نکال امپورٹڈگورمنٹنامنظور,2022-04-10 20:10:33
556,ایرانی انقلاب پاکستان دیکھ پوری دنیا پاکستان عظیم ایشیائی لیڈر ابھر دیک,2022-04-10 20:10:33
557,بہ وڈی غلطی بیٹھ سرکار بہ وڈی سزا یافتہ بھکاری وزیر اعظم بنا ضد ڈوبا ڈوب,2022-04-10 20:10:33
558,لوگ باہر لوگ نکل جلسا ملک باہر بغیر لیڈر خود خان باہرایگا حال نام شر,2022-04-10 20:10:33
559,کپتان میدان عمران خان اندرونی بیرونی دشمنا لرزہ طاری ,2022-04-10 20:10:33
560,کپتان سچا ساتھی اپ مشکل وقت خان ساتھ کےلیے تیار کپتان بار وزیراعظ,2022-04-10 20:10:33
561,لوگ باہر لوگ نکل جلسا ملک باہر بغیر لیڈر خود خان باہرایگا حال نام شر,2022-04-10 20:10:33
562,اب پاکستانی ضد بن دیکھ اب ہٹاتا ,2022-04-10 20:10:33
563,ب ھکاری باپ پاکستانی ,2022-04-10 20:10:33
564,جگر لالہ ٹھنڈک شبنم دریا دل دہل طوفان لحظہ مومن امپورٹڈگورمنٹنامنظور امپورٹڈحکومتنامنظور عمرانخاننہیں امربالمعروفونہیعنالمنکر,2022-04-10 20:10:33
565,لوگ باہر لوگ نکل جلسا ملک باہر بغیر لیڈر خود خان باہرایگا حال نام شر,2022-04-10 20:10:34
566,جی علیم پیسہ ترین پیسہ لاکھ مجمع اب اکٹھا ملک طول عرض امپورٹڈحکومتنامنظور,2022-04-10 20:10:34
567,راولپنڈی لوگ سڑک پہ چھتہ پاکستان شہر سمیت دنیا بھر عمران خاں حق مظاہرے حالات م,2022-04-10 20:10:34
568,دیکھ آنکھ کھول دیکھ بےشرم جاہل سمجھ عوام اب بتائیے وزیراعظم ایماندار,2022-04-10 20:10:34
569,عمران خان پاکستان پہلا وزیر اعظم خلاف عدم اعتماد کامیاب ئی اسکی انفرادیت باقی کرپشن,2022-04-10 20:10:34
570,حسینی حسین ڈٹ مقابلہ روک روک امپورٹڈحکومتنامنظور,2022-04-10 20:10:34
571,غلط لوگ پنگا بیٹھ سکرپٹ آرپار کردیں اسکا رائٹر امپورٹڈحکومتنامنظور,2022-04-10 20:10:34
572,کراچی راشد منہاس روڈ سرگودھا کچہری پل لاہور لبرٹی چوک سیالکوٹ قلب راولپنڈی مری روڈ اسلام آباد زیرو پوائینٹ عوام جم غفیر ٹی وی چینل کور ص م ب ك م عمرانہمتمارےسں امپورٹڈحکومتنامنظور,2022-04-10 20:10:34
573,بطخ پہ ٹویٹ ایس ایس دیکھ مجبور مشورہ غدار وطن ن لیگ پ,2022-04-10 20:10:34
574,عرض سیاست فیصلہ عدالت کوشش تباہ کن سمجھ آج باہر نکلیں عو,2022-04-10 20:10:35
575,جی جنرل باجوہ جنرل ندیم صاحب کرائم منیسٹر رشتہ دار زور دار تھپڑ امید افا,2022-04-10 20:10:35
576,کونسی بات ڈر پیچھے شیخ رشید آکا کھڑا ,2022-04-10 20:10:35
577,عمران خان سچا فالور مایوس ہرگز لیڈر مایوس لیڈر طاقت بن حق ک,2022-04-10 20:10:35
578,رات پائے آنکھ آنس روک پا دل افسردہ سر سایہ ہٹ,2022-04-10 20:10:35
579,راولپنڈی لوگ سڑک پہ چھتہ پاکستان شہر سمیت دنیا بھر عمران خاں حق مظاہرے حالات م,2022-04-10 20:10:35
580,بیغیرت قیادت روشن م ستقبل امید دیوانہ خواب ,2022-04-10 20:10:35
581,لوگ باہر لوگ نکل جلسا ملک باہر بغیر لیڈر خود خان باہرایگا حال نام شر,2022-04-10 20:10:35
582,پاکستان عوام از خود نوٹس اب چکلا بند امپورٹڈحکومتنامنظور,2022-04-10 20:10:35
583,پاکپتن شریف الحمدللہ آج پی پی پی کارکن پاکستان تحریک انصاف ضم چھوٹا شہر خان جان,2022-04-10 20:10:35
584,بیغیرت قیادت روشن م ستقبل امید دیوانہ خواب ,2022-04-10 20:10:35
585,ہائے قربان جاوں آذادی میڈیا بات آج تحریک انصاف ملک گیر مظاہرہ کالعدم تنظیم ,2022-04-10 20:10:35
586,لوگ باہر لوگ نکل جلسا ملک باہر بغیر لیڈر خود خان باہرایگا حال نام شر,2022-04-10 20:10:35
587,امید زمہ داران کتاب لکھ ہوۓ شرم مارا قبول جرم مرنا دن سوال مظلوم ناجائز ظلم ڈھایا امپورٹڈگورمنٹنامنظور,2022-04-10 20:10:36
588,مرمت ,2022-04-10 20:10:36
589,مولوی بچہ مولوی پیر بچہ پیر شیر بچہ شیر ضرور لبیک امیر ثانی لبیک ابن مرشد ل,2022-04-10 20:10:36
590,وزیر اعظم ہاؤس چھوڑا پہلےمیرے کپتان میڈیا اینکرز سوال بتاؤ عوام علاوہ کوئ میر,2022-04-10 20:10:36
591,چینل اینکرز رولنگ مسترد عدم منظور اتنا زور ڈائپر بھر اندازہ ا,2022-04-10 20:10:36
592,اتنا احتجاج میڈیا دکھ ویسےکوئی فرق پڑ میڈیادیکھتا ,2022-04-10 20:10:36
593,کھوتی سدا نالائق ترین عورت الیکشن دیر چور باپ انشاء علاج پی ٹی ,2022-04-10 20:10:36
594,راولپنڈی لوگ سڑک پہ چھتہ پاکستان شہر سمیت دنیا بھر عمران خاں حق مظاہرے حالات م,2022-04-10 20:10:36
595,راولپنڈی لوگ سڑک پہ چھتہ پاکستان شہر سمیت دنیا بھر عمران خاں حق مظاہرے حالات م,2022-04-10 20:10:36
596,گیارہ جماعت امریکہ مل عمران خان الگ کوشش قوم سازش ناکام بنا عمران خان سات,2022-04-10 20:10:36
597,اتنا احتجاج میڈیا دکھ ,2022-04-10 20:10:36
598,پاکستانی دل خوش اپ اج پوری دنیا پاکستان شہر احتجاج ریلی دیکھ یقین خان تہا ٸ,2022-04-10 20:10:36
599,جناب آج ٹویٹ شہر حق نکلا جواب ,2022-04-10 20:10:36
600,پیارا کل صحافی پوچھ دیکھ کوٸ خلاف آج وزیراعظم عمران خا,2022-04-10 20:10:36
601,اسکی گواہ ,2022-04-10 20:10:36
602,ممبران استعفا خودکشی آواز ایوان گونجا پورا ملک دنیا پھی,2022-04-10 20:10:37
603,راولپنڈی لوگ سڑک پہ چھتہ پاکستان شہر سمیت دنیا بھر عمران خاں حق مظاہرے حالات م,2022-04-10 20:10:37
604,آج کہیں ٹریفک جام اسکو ہمار مارچ سمجھ پی ٹی اعلامیہ,2022-04-10 20:10:37
605,غدار کاعوامیمحاصرہ جاگ سارا پاکستان جوش ولولہ حقیقی معنی آزادی کیلئے لیڈر ,2022-04-10 20:10:37
606,انشاء اب عدلیہ فوج فیصلہ امریکہ چیف جسٹس آرمی چیف آنیاں جانیاں امری,2022-04-10 20:10:37
607,قطر بیٹھ عام آدمی سینہ فخر چوڑا سوہنے شہر لائلپور لائلپوری جوش جزبہ دیکھ ,2022-04-10 20:10:37
608,آج احتجاج تیار عمران خان پاکستانیو امپورٹڈحکومتنامنظور,2022-04-10 20:10:37
609,سرکار خاتم النبینﷺ عزت ناموس دین اسلام تحفظ پوری دنیا تسلیم کروا عمران خان مقبولیت آج پوری دنیا دیکھ ساری دنیا میڈیا عوام سمندر براہ راست دکھ عمران عزت رب مبارک امپورٹڈحکومتنامنظور,2022-04-10 20:10:37
610,ب ھکاری باپ پاکستانی ,2022-04-10 20:10:37
611,حسینی حسین ڈٹ مقابلہ روک روک امپورٹڈحکومتنامنظور,2022-04-10 20:10:37
612,ب ھکاری باپ پاکستانی امپورٹڈحکومتنامنظور,2022-04-10 20:10:37
613,اتنا احتجاج میڈیا دکھ ,2022-04-10 20:10:37
614,بونڈ ہاؤس وائف آنٹی گھر اکیلی ہسںبینڈ سیٹیسفائڈ فل رازداری ساتھ,2022-04-10 20:10:37
615,خان صاحب ہرگز قومی اسمبلی استعفا پی ٹی غلط فیصلہ بھان متی کنبہ حکومت منافقانہ تضاد ,2022-04-10 20:10:37
616,لوگ باہر لوگ نکل جلسا ملک باہر بغیر لیڈر خود خان باہرایگا حال نام شر,2022-04-10 20:10:37
617,انسان دل مطمئن اللہ دربار سچا قوم وقار نیت صاف اللہ مدد ہ,2022-04-10 20:10:37
618,عمران خان پاکستان پہلا وزیر اعظم خلاف عدم اعتماد کامیاب ئی اسکی انفرادیت باقی کرپشن,2022-04-10 20:10:37
619,جناب صاحب جنگ مصلت لڑنا واجب پہ جنگ مصلت ایمان ک,2022-04-10 20:10:37
620,عوام فیصلہ صبح حلف شلف اسمبلی تحلیل عوام عدالت ورنہ عوام خود اسمبلی توڑ مجبور ,2022-04-10 20:10:37
621,تحریک انصاف امیر غریب ,2022-04-10 20:10:37
622,ب ھکاری باپ پاکستانی ,2022-04-10 20:10:37
623,آج پورا پاکستان گھر تالا گھر سارا فرد سڑک تین گھنٹہ گھر واپس نہی,2022-04-10 20:10:37
624,طبقہ غلامی بس امریکی اچھا امپورٹڈگورمنٹنامنظور,2022-04-10 20:10:37
625,الل ہ خان حفاظت فرما خان مسکان پہ جان قربان ,2022-04-10 20:10:37
626,لوگ تفریح موقع چاہیے لوڈ شیڈنگ تراویح سحری بیچ ٹائم گزارانہ پی ٹی جلسا بہتر,2022-04-10 20:10:38
627,اپنامعززیف جسٹس پوچھناتھاکہ سانحہ بلدیہ ٹاؤن سانحہ ماڈل ٹاؤن کوئٹہ دن دیہاڑے مجیداچکزئی گاڑی تلاآکر ک چلےجانے,2022-04-10 20:10:38
628,دیکھ عوام سمندر تمکو چلتی مشین ہاتھ عمران خان نکال اللہ اسکا محافظ ر,2022-04-10 20:10:38
629,تحریک انصاف امیر غریب ,2022-04-10 20:10:38
630,سپوٹر نزدیک گستاخ رسول گالی حرام آج سپوٹرو نزدیک فوج پاکستان گالی جائز ,2022-04-10 20:10:38
631,اتنا احتجاج میڈیا دکھ ,2022-04-10 20:10:38
632,بس چند گھنٹہ شہبازشریف پاکستان منتخب کردہ آئینی قانونی اخلاقی جواز رکھنیوالے وزیراعظم مبینہ مراسلہ چند,2022-04-10 20:10:38
633,لاہور لبرٹی مارکیٹ پسندیدہ ہوٹل سینڈوچ منگوانا راستہ بند سوشل میڈیا دیکھ دنگ,2022-04-10 20:10:38
634,مائی لارڈ ڈیئر سر باہر نکلیں دیکھ عمران خان نکال پاکستانی دل ,2022-04-10 20:10:38
635,گنتی پندرہ لوگ جمہ دکھانا عوام سمندر دیکھ ملینم مال دیکھ,2022-04-10 20:10:38
636,سپریم کورٹ اسپیکر باندھ اسپیکر مقصود چپڑاسی منتخب امپورٹڈ آگئے اللہ قوم ,2022-04-10 20:10:38
637,شمع فروزاں آندھی ڈراتا شمع فروزاں پروانہ ہزار امپورٹڈگورمنٹنامنظور,2022-04-10 20:10:38
638,سوہنے شہر عزت بتا غیرتمند لوگ آنسو پردیس تھم دل درد صورت ,2022-04-10 20:10:38
639,شرم ,2022-04-10 20:10:39
640,مرمت ,2022-04-10 20:10:39
641,عوام اب غیرت دکھانی غدار بائیکاٹ انکا گھر نکلنا محال کردیں گور ملک غدار لوگ,2022-04-10 20:10:38
642,لاہور لبرٹی مارکیٹ پسندیدہ ہوٹل سینڈوچ منگوانا راستہ بند سوشل میڈیا دیکھ دنگ,2022-04-10 20:10:39
643,عرض سیاست فیصلہ عدالت کوشش تباہ کن سمجھ آج باہر نکلیں عو,2022-04-10 20:10:39
644,راولپنڈی لوگ سڑک پہ چھتہ پاکستان شہر سمیت دنیا بھر عمران خاں حق مظاہرے حالات م,2022-04-10 20:10:39
645,اصل عوامی طاقت ساتھ دیکھ آرمی چیف جنرل قمر جاوید باجوہ صاحب فائیو ممیز ججز ہائی کورٹ اطہ,2022-04-10 20:10:39
646,غیرت مند خوددرا لیڈر ہجوم قوم بنا خان صاحب اللہ راضی پو آپکا نگہبا,2022-04-10 20:10:39
647,خان صاحب حکم فاکا پا دیاں یو خان صاحب امپورٹڈحوکومتنامنظور,2022-04-10 20:10:39
648,سیاستدان بیوروکریٹ نیندیں حرام اب آرام کدھر پہ ,2022-04-10 20:10:39
649,لوگ باہر لوگ نکل جلسا ملک باہر بغیر لیڈر خود خان باہرایگا حال نام شر,2022-04-10 20:10:39
650,ستم ظریف لکھ یوتھیا بات سمجھانے بندہ چاہیے بات سمجھاتا دوسرا چپیڑ مارتا,2022-04-10 20:10:39
651,لوگ باہر لوگ نکل جلسا ملک باہر بغیر لیڈر خود خان باہرایگا حال نام شر,2022-04-10 20:10:39
652,عمران خان برطرف ویڈیو غور دیکھ اوورسیز پاکستانی عمران بحال پاکستان پیسا ,2022-04-10 20:10:39
653,میڈیا بلیک آوٹ کروا اکھاڑ الٹا مزید نقاب آج جنریشن معلومات کیلئے آپکا جیونیوز محتاج ,2022-04-10 20:10:39
654,مرمت ,2022-04-10 20:10:39
655,ملک بھر ساختہ لوگ سڑک پہ نکل حیرت ٹی وی چینل کم دکھ لاہورکی کیفیت ش,2022-04-10 20:10:39
656,لوگ باہر لوگ نکل جلسا ملک باہر بغیر لیڈر خود خان باہرایگا حال نام شر,2022-04-10 20:10:39
657,عامر لیاقت حسین صاحب تائب چک,2022-04-10 20:10:39
658,پاکستانی دل خوش اپ اج پوری دنیا پاکستان شہر احتجاج ریلی دیکھ یقین خان تہا ٸ,2022-04-10 20:10:39
659,ملک بھر ساختہ لوگ سڑک پہ نکل حیرت ٹی وی چینل کم دکھ لاہورکی کیفیت ش,2022-04-10 20:10:39
660,سنو رونگٹہ کھڑے پاکستان کراچی عوام عمران ,2022-04-10 20:10:39
661,آج کہیں ٹریفک جام اسکو ہمار مارچ سمجھ پی ٹی اعلامیہ,2022-04-10 20:10:39
662,واہ سلواٹ اپ بہادر خاتون ,2022-04-10 20:10:39
663,ملک بھر ساختہ لوگ سڑک پہ نکل حیرت ٹی وی چینل کم دکھ لاہورکی کیفیت ش,2022-04-10 20:10:40
664,آج خود زلیل دفع ,2022-04-10 20:10:40
665,لوگ باہر لوگ نکل جلسا ملک باہر بغیر لیڈر خود خان باہرایگا حال نام شر,2022-04-10 20:10:40
666,ح ضور اللہ جلد کہیں پے خارش ک ھجانا پتہ ت ن پے لباس ,2022-04-10 20:10:40
667,گل باقی چمن بس رسول اللہﷺ دین حسن حضور نبی کریم صلی اللہ علیہ وآلہ وسلم ,2022-04-10 20:10:40
668,اکیلا نہی چھوڑسکھت عمران خان اب ضد ,2022-04-10 20:10:40
669,عوام اب غیرت دکھانی غدار بائیکاٹ انکا گھر نکلنا محال کردیں گور ملک غدار لوگ,2022-04-10 20:10:40
670,عوام موٹو اب پچھلا کمرہ چھپ بیٹھ نکلو باہر احتجاج انقلاب ,2022-04-10 20:10:40
671,بہ وڈی غلطی بیٹھ سرکار بہ وڈی سزا یافتہ بھکاری وزیر اعظم بنا ضد ڈوبا ڈوب,2022-04-10 20:10:40
672,شہباز شریف کاغذہ نامزدگی منظور ایف آئ پہلا آرڈر کل وکیل ٹیم شہباز شریف مقدمہ م,2022-04-10 20:10:41
673,ب ھکاری باپ پاکستانی ,2022-04-10 20:10:41
674,کل خان ادارہ خلاف آج عوام بتا شہر گاؤں پاکستان آج بلند آواز امپورٹڈحکومتنامنظور نعرہ لگا ,2022-04-10 20:10:41
675,امپورٹڈ حکومت منظور منظور ایکسٹینشن منظور منظور بھکاری اولاد دھکا ,2022-04-10 20:10:41
676,کراچی مصروف کم باہر نکلتا بات قومی غیرت خودداری سچا لیڈر ساتھ اظہار,2022-04-10 20:10:41
677,عرض سیاست فیصلہ عدالت کوشش تباہ کن سمجھ آج باہر نکلیں عو,2022-04-10 20:10:41
678,ھاھاھا کمال جل منہ کالا تین سال گندی غلیظ گالی نکال اب ہذیان بکنا شروع چک باس ,2022-04-10 20:10:41
679,ملک بھر ساختہ لوگ سڑک پہ نکل حیرت ٹی وی چینل کم دکھ لاہورکی کیفیت ش,2022-04-10 20:10:41
680,شروعات کپتان خود نکل عالم سازش والو ہوش ناخن امپورٹڈگورمنٹنامنظور,2022-04-10 20:10:41
681,کرواڈ فیک وڈیو ز ورلڈ کپ خان جیت لبرٹی چوک لاہور لاکھ مجمعہ وڈیوز ,2022-04-10 20:10:41
682,راولپنڈی لوگ سڑک پہ چھتہ پاکستان شہر سمیت دنیا بھر عمران خاں حق مظاہرے حالات م,2022-04-10 20:10:41
683,سنو رونگٹہ کھڑے پاکستان کراچی عوام عمران سپاہی,2022-04-10 20:10:41
684,بمدہ ذہنی غلام علاج عمر حسابباقیہے,2022-04-10 20:10:41
685,عرض سیاست فیصلہ عدالت کوشش تباہ کن سمجھ آج باہر نکلیں عو,2022-04-10 20:10:41
686,کراچی کروا کراچی مہاجر جماعت پیغام پچھلا الیکشن ایم کیو ایم چوہیس چھ ایم این جماعت بنا اب سیٹ بزور طاقت جیت مہاجر شناختی کارڈ,2022-04-10 20:10:41
687,والدہ ڈھائی سال بستر مرگ اورسال والد شدید بیماری شکار ڈھائی سال میراملنا جلنا دوست,2022-04-10 20:10:41
688,آج کہیں ٹریفک جام اسکو ہمار مارچ سمجھ پی ٹی اعلامیہ,2022-04-10 20:10:41
689,میر جعفر نیندیں اڑ ھیں عظیم قوم آج فخر محسو س ھے پاکستانی امپورٹڈحکومتنامنظور,2022-04-10 20:10:41
690,پراسیکیوشن ہیڈ ہدایت گئ کل صورت پیش فرد جرم کاروائ ملتوی ,2022-04-10 20:10:42
691,اتنا پیمانے مظاہرے کہیں فوج مخالف نعر اطلاع مل فرق محب وطن لیڈر بکاؤ گیدڑ,2022-04-10 20:10:42
692,لوگ باہر لوگ نکل جلسا ملک باہر بغیر لیڈر خود خان باہرایگا حال نام شر,2022-04-10 20:10:42
693,خان حکومت گرانا امریکہ سازش یوتی چاہئے فورا امریکہ نشنیلیٹی چھوڑ فورا پاکستان خان سات,2022-04-10 20:10:42
694,راولپنڈی لوگ سڑک پہ چھتہ پاکستان شہر سمیت دنیا بھر عمران خاں حق مظاہرے حالات م,2022-04-10 20:10:42
695,سبق سکھایا خوداری غلامی نکلنا اب خان دوبارہ اقتدار فرض,2022-04-10 20:10:42
696,غضب خدا سعودیہ عطیہ چاول اب بھکاری ملک چھوڑ قرض ,2022-04-10 20:10:42
697,ب ھکاری باپ پاکستانی ,2022-04-10 20:10:42
698,راولپنڈی لوگ سڑک پہ چھتہ پاکستان شہر سمیت دنیا بھر عمران خاں حق مظاہرے حالات م,2022-04-10 20:10:42
699,اب لگواو عدالت اب لاؤ بکتر بند گاڑی اب ائر پورٹ سیل اندر گھس ہیلی کاپٹر پے پھرتی لینڈ عوام کاٹ جناح پاکستان عمران خان پاکستان امپورٹڈحکومتنامنظور,2022-04-10 20:10:42
700,چینل اینکرز رولنگ مسترد عدم منظور اتنا زور ڈائپر بھر اندازہ ا,2022-04-10 20:10:42
701,لوگ باہر لوگ نکل جلسا ملک باہر بغیر لیڈر خود خان باہرایگا حال نام شر,2022-04-10 20:10:42
702,جناب صاحب جنگ مصلت لڑنا واجب پہ جنگ مصلت ایمان ک,2022-04-10 20:10:42
703,حالات تھوڑا نارمل قابل ذکر عہدیدار پری میچور ریٹائرمنٹ خبر,2022-04-10 20:10:42
704,تحریک لبیک پاکستان بکواس صحافی اب شائد مر یوتھی ملک دشمنی فوج دشمنی مبنی ٹرینڈ نظر,2022-04-10 20:10:42
705,ب ھکاری باپ پاکستانی ,2022-04-10 20:10:42
706,ب ھکاری باپ پاکستانی ,2022-04-10 20:10:42
707,ٹھیک ماہ اپکو خوشخبری عمران خان صاحب جولاٸی شاء اللہﷻ صدر پاکستان شاء اللہﷻ کشمیر ازاد کروا ھے اللہ پاک ﷻ اپ حامی ناصر نگہبان مدد گار آمین رب العالمین آمین,2022-04-10 20:10:42
708,پیدا ہ وا پاکستان آزاد پاکستان,2022-04-10 20:10:43
709,تحریک انصاف امیر غریب ,2022-04-10 20:10:43
710,تحریک انصاف امیر غریب ,2022-04-10 20:10:43
711,وزیر اعظم ہاؤس چھوڑا پہلےمیرے کپتان میڈیا اینکرز سوال بتاؤ عوام علاوہ کوئ میر,2022-04-10 20:10:43
712,حساب لوگ خان سپورٹ باہر عاشقان جی ایچ کیو تحریک لبیک جلدی آڈر مل ,2022-04-10 20:10:43
713,عمران خان بغیر اتنی تعداد عوام نکل عمران خان صاحب خود نکل منظر امپورٹڈحکومت,2022-04-10 20:10:43
714,عرض سیاست فیصلہ عدالت کوشش تباہ کن سمجھ آج باہر نکلیں عو,2022-04-10 20:10:43
715,لعنت صحافت پے حق ساتھ کھڑی امپورٹڈگورمنٹنامنظور امریکیغلامینامنظور,2022-04-10 20:10:43
716,یاد یاد یاد ,2022-04-10 20:10:43
717,پاکستان جمہوریت حسن سیٹ اپوزیشن سیٹ اقتدار پاکستان جمہوریت بد صورتی,2022-04-10 20:10:43
718,بھائی جان انقلاب عمران خان گھر بیٹھ پورا ملک سڑک نکال سوچیں دن خود نکل امپور,2022-04-10 20:10:43
719,اتنا احتجاج میڈیا دکھ ویسےکوئی فرق پڑ میڈیادیکھتا ,2022-04-10 20:10:43
720,پی ڈی ایم بیوقوفی اندازہ بات لگال وزیراعظم خلاف تحریک عدم اعتماد کامیابی خوش لفظ پہ زور امپورٹڈگورمنٹنامنظور,2022-04-10 20:10:43
721,تحریک انصاف امیر غریب ,2022-04-10 20:10:43
722,حسینی حسین ڈٹ مقابلہ روک روک امپورٹڈحکومتنامنظور,2022-04-10 20:10:43
723,شہباز شریف کاغذہ نامزدگی چیلنج چاہئے ضمانت ملزم شخص وقت مجرم بن ,2022-04-10 20:10:43
724,لاہور لبرٹی مارکیٹ پسندیدہ ہوٹل سینڈوچ منگوانا راستہ بند سوشل میڈیا دیکھ دنگ,2022-04-10 20:10:43
725,اہلسنت گلستہ کلی گلاب چمپا چمبیلی حسابباقیہے,2022-04-10 20:10:43
726,سیاست فیصلہ عدالت کوشش تباہ کن فواد چودھری,2022-04-10 20:10:43
727,امپورٹڈحکومتنامنظور چور اچکا حکومت سمیت نست نابود جاو لوگ سوچ مرشد ذلیل کل ,2022-04-10 20:10:43
728,وقت باجوہ اسٹیبلشمنٹ شاہ محمود وزیر اعظم بن جتنا مٹی پلید چک اضافہ الیکشن کروا فوج شدت ساتھ عوام لاو وقت عوام ننگا چک امپورٹڈگورمنٹنامنظور,2022-04-10 20:10:43
729,لوگ باہر لوگ نکل جلسا ملک باہر بغیر لیڈر خود خان باہرایگا حال نام شر,2022-04-10 20:10:43
730,چور ہاتھ ڈالا اکٹھا معلوم سابق وزیراعظم عمران خان جملہ ,2022-04-10 20:10:43
731,تھپڑا نشان پڑ,2022-04-10 20:10:44
732,عوام اب غیرت دکھانی غدار بائیکاٹ انکا گھر نکلنا محال کردیں گور ملک غدار لوگ,2022-04-10 20:10:44
733,جناب صاحب جنگ مصلت لڑنا واجب پہ جنگ مصلت ایمان ک,2022-04-10 20:10:44
734,ملک بھر ساختہ لوگ سڑک پہ نکل حیرت ٹی وی چینل کم دکھ لاہورکی کیفیت ش,2022-04-10 20:10:44
735,کرواڈ فیک وڈیو ز ورلڈ کپ خان جیت لبرٹی چوک لاہور لاکھ مجمعہ وڈیوز ,2022-04-10 20:10:44
736,عمران خان بغیر اتنی تعداد عوام نکل عمران خان صاحب خود نکل منظر امپورٹڈحکومت,2022-04-10 20:10:44
737,بچہ نسل مجما اکٹھا نئ ,2022-04-10 20:10:44
738,پی پی نون لیگ ساتھ ہاتھ شہباز وزیراعظم بن چکر ذلیل انشاء,2022-04-10 20:10:44
739,چیرمین پاکستان تحریک انصاف عمران خان زیر صدارت کل بروز سوموار تحریک انصاف پارلیمانی پارٹی اجلاس انشاء,2022-04-10 20:10:44
740,اکیلا ہجوم کھڑا شکریہ امپورٹڈحکومتنامنظور پاکستانکتنے کابیچا,2022-04-10 20:10:44
741,اتنا احتجاج میڈیا دکھ ,2022-04-10 20:10:44
742,پس_وپیش ثابت گاہک پیسےوالا ایمان اتوار دن ب ک جنرل مشرف لکل ٹھیک عمران خان شرمندہ وجہ ,2022-04-10 20:10:44
743,ملک بھر ساختہ لوگ سڑک پہ نکل حیرت ٹی وی چینل کم دکھ لاہورکی کیفیت ش,2022-04-10 20:10:44
744,لوگ باہر لوگ نکل جلسا ملک باہر بغیر لیڈر خود خان باہرایگا حال نام شر,2022-04-10 20:10:44
745,اپنامعززیف جسٹس پوچھناتھاکہ سانحہ بلدیہ ٹاؤن سانحہ ماڈل ٹاؤن کوئٹہ دن دیہاڑے مجیداچکزئی گاڑی تلاآکر ک چلےجانے,2022-04-10 20:10:44
746,راولپنڈی لوگ سڑک پہ چھتہ پاکستان شہر سمیت دنیا بھر عمران خاں حق مظاہرے حالات م,2022-04-10 20:10:44
747,جیؤ نیوز مان پورا پاکستان عوام سمندر باہر نکل ثبوت جیؤ نیوز ,2022-04-10 20:10:44
748,سحری اتجاج کوشش کل کال مصول انتظام سنبھالے بھرپور احتجاج شامل ملک اب اپ ضرورت ,2022-04-10 20:10:44
749,اتنا احتجاج میڈیا دکھ ,2022-04-10 20:10:45
750,راولپنڈی لوگ سڑک پہ چھتہ پاکستان شہر سمیت دنیا بھر عمران خاں حق مظاہرے حالات م,2022-04-10 20:10:45
751,غلطی دیر کل سوشل میڈیا سامراجی گھیراٶ آج حالات ہوت,2022-04-10 20:10:45
752,سوشل میڈیا حکومت بن ٹوٹ دنیا پہ ہیکرز راج جان ٹرینڈ بن بنا ,2022-04-10 20:10:44
753,شہر جہاں عوام سمندر نکلا روزہ باوجود جذبہ جنون قابل تعریف ,2022-04-10 20:10:45
754,جمہوری فیصلہ چک صدارتی نظام تحت سر عمران خان چاہیۓ امریکہ غلام جاۓ,2022-04-10 20:10:45
755,لاہور لبرٹی مارکیٹ پسندیدہ ہوٹل سینڈوچ منگوانا راستہ بند سوشل میڈیا دیکھ دنگ,2022-04-10 20:10:45
756,عمران خان حکومت خاتمہ اگلا دن شمالی وزیرستان امریکہ ڈرون حملہ فرد شہید حملہ بھرپور مذمت ,2022-04-10 20:10:45
757,اتنا احتجاج میڈیا دکھ ویسےکوئی فرق پڑ میڈیادیکھتا ,2022-04-10 20:10:46
758,پاکستان تاریخ پہلا دفعہ چیف آف آرمی سٹاف شدید ترین ذلت ساتھ رخصت ,2022-04-10 20:10:46
759,ملک بھر ساختہ لوگ سڑک پہ نکل حیرت ٹی وی چینل کم دکھ لاہورکی کیفیت ش,2022-04-10 20:10:46
760,کپتان نظریاتی ورکر خان صاحب ساتھ شانہ بشانہ کھڑے نظریہ پاکستان دفاع ک,2022-04-10 20:10:46
761,تحریک انصاف امیر غریب ,2022-04-10 20:10:46
762,چینی سکینڈل ایماندار نیازی حکومت طرہ امتیاز کافی بحث چک جان چینی سکینڈل نیازی حکومت ٹارگٹڈ سبسڈی سستا دام برآمد مہنگہ دام چینی درآمد ارب روپہ چونا لگا,2022-04-10 20:10:46
763,اللہ قسم ساری زندگی پتا حسین علیہ السلام عمران خان ساتھ ساری کربلہ سمجھ شخص عمران کردار حسین یزید مخالف امپورٹڈگورنمنٹنامنظور امپورٹڈحکومتنامنظور,2022-04-10 20:10:46
764,تحریک انصاف امیر غریب ,2022-04-10 20:10:46
765,واہ سلواٹ اپ بہادر خاتون ,2022-04-10 20:10:46
766,بریکنگ احتجاج دائراہ مزید لاکھ ٹائیگرز کارکن فیض آباد روانہ سئیکئورٹی ڈبل ,2022-04-10 20:10:46
767,لوگ باہر لوگ نکل جلسا ملک باہر بغیر لیڈر خود خان باہرایگا حال نام شر,2022-04-10 20:10:46
768,شروعات حریت پاسپاں خود نکل عالم سازش والو ہوش ناخن ,2022-04-10 20:10:46
769,لاہور فیصلہ س اگلا الیکشن لاہور سمیت پنجاب عمران خان تہائی اکثریت نکل انشاءال,2022-04-10 20:10:46
770,لوگ باہر لوگ نکل جلسا ملک باہر بغیر لیڈر خود خان باہرایگا حال نام شر,2022-04-10 20:10:46
771,عدالت کھلوا خط دیکھانے سازش کامیاب عمران خان استعفا دینگا امپورٹڈحکومتن,2022-04-10 20:10:46
772,آپکی رائے تحریک انصاف اسمبلی مستعفی چاہیے ,2022-04-10 20:10:46
773,عشاق رسول پچھلا رمضان لہو لہان امریکہ کہاں ملعونہ آسیہ قبل کینیڈا روانہ امریکہ,2022-04-10 20:10:46
774,غلط لوگ پنگا بیٹھ سکرپٹ آرپار کردیں اسکا رائٹر امپورٹڈحکومتنامنظور,2022-04-10 20:10:46
775,دفعہ دفعہ ,2022-04-10 20:10:46
776,عمران خان پاکستان پہلا وزیر اعظم خلاف عدم اعتماد کامیاب ئی اسکی انفرادیت باقی کرپشن,2022-04-10 20:10:47
777,جی فوتگی امپورٹڈحکومتنامنظور,2022-04-10 20:10:47
778,ملک بھر ساختہ لوگ سڑک پہ نکل حیرت ٹی وی چینل کم دکھ لاہورکی کیفیت ش,2022-04-10 20:10:47
779,سنو رونگٹہ کھڑے پاکستان کراچی عوام عمران ,2022-04-10 20:10:47
780,آج عوام خواب غفلت جاگنا خوش آئند خوشی عمران خان دشمنا کانٹا کھٹک ا,2022-04-10 20:10:47
781,امریکی نامزد امیدوار برائے اسلامی جمہوریہ پاکستان شہباز شریف پہ کل فرد جرم روک ٹیم کل عدالت,2022-04-10 20:10:47
782,رات دس بج چھوڑ شام پانچ بج ایمرجنسی مر خاندان زندگی دار مدار عدالت ,2022-04-10 20:10:47
783,قابل یقین عوامی احتجاج لوگ خان تنگ مہنگائی مارا مسیحائی منتظر باہر اتنی تعداد رات دانشور میروں صافی خانزاد سال جھوٹا بیانیہ دھڑام نیچے گرا عوامی طاقت,2022-04-10 20:10:47
784,اب سمجھ آخر رگیدا قوم فرد دیکھ مینڈیٹ نقب زنی آج,2022-04-10 20:10:47
785,ب ھکاری باپ پاکستانی ,2022-04-10 20:10:47
786,لوگ اندر بس لوگ فوج عدلیہ خلاف بھونک کہیں بھائی لوگ پورا اندر آنکھ باہر ,2022-04-10 20:10:47
787,لوگ باہر لوگ نکل جلسا ملک باہر بغیر لیڈر خود خان باہرایگا حال نام شر,2022-04-10 20:10:47
788,راولپنڈی لوگ سڑک پہ چھتہ پاکستان شہر سمیت دنیا بھر عمران خاں حق مظاہرے حالات م,2022-04-10 20:10:47
789,سر آپکی ٹویٹ گھنٹہ سوچ بچار فیصلہ پہنچ اب نیوٹرل ففت,2022-04-10 20:10:47
790,ب ھکاری باپ پاکستانی ,2022-04-10 20:10:47
791,اسلام آباد ڈی چوک نعرہ بازی ملک چوکیدار غدار غدار ,2022-04-10 20:10:47
792,اللہ تعالی قرآن مجید فرما یہود نصاری دوست عمران خان وقت فرانسیسی,2022-04-10 20:10:47
793,تحریک انصاف امیر غریب ,2022-04-10 20:10:48
794,وزیر اعظم ہاؤس چھوڑا پہلےمیرے کپتان میڈیا اینکرز سوال بتاؤ عوام علاوہ کوئ میر,2022-04-10 20:10:48
795,عمران خان غلط ٹھیک باقی ا س بہتر ,2022-04-10 20:10:48
796,وزیر اعظم ہاؤس چھوڑا پہلےمیرے کپتان میڈیا اینکرز سوال بتاؤ عوام علاوہ کوئ میر,2022-04-10 20:10:48
797,تحریک انصاف امیر غریب ,2022-04-10 20:10:48
798,راولپنڈی لوگ سڑک پہ چھتہ پاکستان شہر سمیت دنیا بھر عمران خاں حق مظاہرے حالات م,2022-04-10 20:10:48
799,کھانا کھا شرمو امپورٹڈحکومتنامنظور,2022-04-10 20:10:48
800,قوم جاگ جاۓ طاقت قوم کھڑی رب کائنات لیڈر فخر پاکستان عمران خان آفت,2022-04-10 20:10:48
801,بھٹی تاریخ بدل دہی آج کنفیاژن چھوڑو صحیح سائیڈ کھڑے ,2022-04-10 20:10:48
802,چکیں غالب بلائیں مرگ ناگہانی غالب,2022-04-10 20:10:48
803,ب ھکاری باپ پاکستانی ,2022-04-10 20:10:48
804,ہائے قربان جاوں آذادی میڈیا بات آج تحریک انصاف ملک گیر مظاہرہ کالعدم تنظیم ,2022-04-10 20:10:48
805,عمران خان محبت لاہور کراچی اسلام آباد ملتان جھگڑا ختم ,2022-04-10 20:10:48
806,آج افسوس بےشمار ٹرینڈ ز کتنا اکاؤنٹ گنوائے لوگ دفاع بیچ می,2022-04-10 20:10:48
807,ملک بھر ساختہ لوگ سڑک پہ نکل حیرت ٹی وی چینل کم دکھ لاہورکی کیفیت ش,2022-04-10 20:10:48
808,عمران خان بغیر اتنی تعداد عوام نکل عمران خان صاحب خود نکل منظر امپورٹڈحکومتنامنظور,2022-04-10 20:10:48
809,ملک نشی زانی صادق امین جہاں عدالت سٹا لیکر ڈپٹی اسپیکر اسمبلی ملک دہشت گرد صدر وزیراعظم چپڑاسی وزیر داخلہ ممکن ,2022-04-10 20:10:48
810,وزیر اعظم ہاؤس چھوڑا پہلےمیرے کپتان میڈیا اینکرز سوال بتاؤ عوام علاوہ کوئ میر,2022-04-10 20:10:49
811,عوام موٹو اب پچھلا کمرہ چھپ بیٹھ نکلو باہر احتجاج انقلاب ,2022-04-10 20:10:49
812,لوگ باہر لوگ نکل جلسا ملک باہر بغیر لیڈر خود خان باہرایگا حال نام شر,2022-04-10 20:10:49
813,لوگ باہر لوگ نکل جلسا ملک باہر بغیر لیڈر خود خان باہرایگا حال نام شر,2022-04-10 20:10:49
814,فیان خدا ساتھ ,2022-04-10 20:10:49
815,جناب آج ٹویٹ شہر حق نکلا جواب ,2022-04-10 20:10:49
816,یاد یاد یاد ,2022-04-10 20:10:49
817,پیارا کل صحافی پوچھ دیکھ کوٸ خلاف آج وزیراعظم عمران خا,2022-04-10 20:10:49
818,لوگ باہر لوگ نکل جلسا ملک باہر بغیر لیڈر خود خان باہرایگا حال نام شر,2022-04-10 20:10:49
819,مطلب گن پونئٹ پے ہرایا نئی کہانی سہی,2022-04-10 20:10:49
820,خان صاحب ہرگز قومی اسمبلی استعفا پی ٹی غلط فیصلہ بھان متی کنبہ حکومت منافقانہ تضاد ,2022-04-10 20:10:49
821,جناب آج ٹویٹ شہر حق نکلا جواب ,2022-04-10 20:10:49
822,عوام اب غیرت دکھانی غدار بائیکاٹ انکا گھر نکلنا محال کردیں گور ملک غدار لوگ,2022-04-10 20:10:49
823,میڈیا بلیک آوٹ کروا اکھاڑ الٹا مزید نقاب آج جنریشن معلومات کیلئے آپکا جیونیوز محتاج ,2022-04-10 20:10:49
824,حسینی حسین ڈٹ مقابلہ روک روک امپورٹڈحکومتنامنظور,2022-04-10 20:10:49
825,مرشد عمران خان صاحب آپے جان قربان جینا سکھ آپکو چھوڑ ہجوم قوم بنا اب ,2022-04-10 20:10:50
826,سمجھ بکا میڈیا روک انقلاب روک غصہ انصاف خلاف احتجاج میڈیا کوریج ,2022-04-10 20:10:50
827,ملک بھر ساختہ لوگ سڑک پہ نکل حیرت ٹی وی چینل کم دکھ لاہورکی کیفیت ش,2022-04-10 20:10:50
828,والدہ ڈھائی سال بستر مرگ اورسال والد شدید بیماری شکار ڈھائی سال میراملنا جلنا دوست,2022-04-10 20:10:50
829,اتنا احتجاج میڈیا دکھ ,2022-04-10 20:10:50
830,ڈگا کھو غصہ کمار تے شرم انسان اپوزیشن وجہ گالی نام کل رات چھپڑا مار چپ چاپ وزیراعظم ہاوس چھوڑ بن گالا دفعہ ,2022-04-10 20:10:50
831,سارا پلان الٹ عوام روز سڑک نکل ڈرو وقت عمران خان خود نکل پورا پاکستان پیک ,2022-04-10 20:10:50
832,شہباز شریف کاغذہ نامزدگی منظور ایف آئ پہلا آرڈر کل وکیل ٹیم شہباز شریف مقدمہ م,2022-04-10 20:10:50
833,ب ھکاری باپ پاکستانی ,2022-04-10 20:10:50
834,وزیر اعظم ہاؤس چھوڑا پہلےمیرے کپتان میڈیا اینکرز سوال بتاؤ عوام علاوہ کوئ میر,2022-04-10 20:10:50
835,چینل اینکر صاحب بول عوام میم نکلیں سازشی ٹولا ساتھ مل پیچھے وار بکاو مال,2022-04-10 20:10:50
836,بہ وڈی غلطی بیٹھ سرکار بہ وڈی سزا یافتہ بھکاری وزیر اعظم بنا ضد ڈوبا ڈوب,2022-04-10 20:10:50
837,بیچاری نانی گھبرا ,2022-04-10 20:10:51
838,پرامن احتجاج جماعت بنیادی حق پی ٹی مظاہرہ کووریج روک غلط کام پی ٹی کام ص,2022-04-10 20:10:51
839,دیکھ عوام سمندر تمکو چلتی مشین ہاتھ عمران خان نکال اللہ اسکا محافظ ر,2022-04-10 20:10:51
840,لوگ باہر لوگ نکل جلسا ملک باہر بغیر لیڈر خود خان باہرایگا حال نام شر,2022-04-10 20:10:51
841,عوام اب غیرت دکھانی غدار بائیکاٹ انکا گھر نکلنا محال کردیں گور ملک غدار لوگ,2022-04-10 20:10:51
842,جزبہ شکست امپورٹڈحکومتنامنظور,2022-04-10 20:10:51
843,کراچی راشد منہاس روڈ سرگودھا کچہری پل لاہور لبرٹی چوک سیالکوٹ قلب راولپنڈی مری روڈ اسلام آباد زیرو پوائینٹ عوام جم غفیر ٹی وی چینل کور ص م ب ك م عمرانہمتمارےسں امپورٹڈحکومتنامنظور,2022-04-10 20:10:51
844,بھائی رگڑا ,2022-04-10 20:10:51
845,الحمداللہﷻ کراچی آج بتا خان ساتھ کھڑے ماسٹر مائنڈ کامپ ٹانگنا شروع چک خان آخری وق,2022-04-10 20:10:51
846,سنو رونگٹہ کھڑے پاکستان کراچی عوام عمران ,2022-04-10 20:10:51
847,اوئے مرشد عمران خان بیان ہلکا مت اپوزیشن خطرناک جاوں آج احتجاج,2022-04-10 20:10:51
848,خطرناک کیفیت شخصیت سحر اتنا مبتلا آئین قانون ضابطہ حتی مہذب گفتگو بھو,2022-04-10 20:10:51
849,امپورٹڈحکومتنامنظور محترم جناب انقلاب فناہ چنگاری آگ بھڑک اٹھا اب شعلہ بلند دکھا انشااللہ,2022-04-10 20:10:51
850,پاکستانی دل خوش اپ اج پوری دنیا پاکستان شہر احتجاج ریلی دیکھ یقین خان تہا ٸ,2022-04-10 20:10:51
851,تحریک انصاف امیر غریب ,2022-04-10 20:10:51
852,ایگری ضروری بار اکثر تیسرا قدر من پسند ,2022-04-10 20:10:52
853,تحریک انصاف یوتھ ونگ بلوچستان ژوب ریجن صدر نور کاکڑ امپورٹڈ حکومت خلاف مسلم باغ احتجاج مظاہرے خطاب سینکڑہ ع,2022-04-10 20:10:52
854,ملک بھر ساختہ لوگ سڑک پہ نکل حیرت ٹی وی چینل کم دکھ لاہورکی کیفیت ش,2022-04-10 20:10:52
855,گیارہ جماعت امریکہ مل عمران خان الگ کوشش قوم سازش ناکام بنا عمران خان سات,2022-04-10 20:10:52
856,اتنا احتجاج میڈیا دکھ ویسےکوئی فرق پڑ میڈیادیکھتا ,2022-04-10 20:10:52
857,لوگ باہر لوگ نکل جلسا ملک باہر بغیر لیڈر خود خان باہرایگا حال نام شر,2022-04-10 20:10:52
858,اب یقین فالور بڑھ یوتھی باپ کڈنیپ ہوگیا حسابباقیہے,2022-04-10 20:10:52
859,اقتدار ہوس کرپشن الزام دل گھر مرشد,2022-04-10 20:10:52
860,لاہور لبرٹی مارکیٹ پسندیدہ ہوٹل سینڈوچ منگوانا راستہ بند سوشل میڈیا دیکھ دنگ,2022-04-10 20:10:52
861,چینل اینکرز رولنگ مسترد عدم منظور اتنا زور ڈائپر بھر اندازہ ا,2022-04-10 20:10:52
862,پاکستان جمہوریت حسن سیٹ اپوزیشن سیٹ اقتدار پاکستان جمہوریت بد صورتی,2022-04-10 20:10:52
863,آپکی رائے تحریک انصاف اسمبلی مستعفی چاہیے ,2022-04-10 20:10:52
864,مرشد عمران خان صاحب آپے جان قربان جینا سکھ آپکو چھوڑ ہجوم قوم بنا اب ,2022-04-10 20:10:52
865,خواب پ م لن سپنا دیکھ نیند م سکانا پاگل جھ وٹی نگری ہمیشہ دیکھ سچی بات بتا پاگل پیار چ ین بھ کب م لتا شب بھر اشک بہا پاگل ,2022-04-10 20:10:52
866,ستم ظریف لکھ یوتھیا بات سمجھانے بندہ چاہیے بات سمجھاتا دوسرا چپیڑ مارتا,2022-04-10 20:10:52
867,اب عمران خان حکومت اب میڈیا آزاد چاہیے ویسے آزادی علم بردار سنسرشپ ,2022-04-10 20:10:53
868,عمران خان ہتھیلی جان ہتھیلی تھوڑی عمران خان نکال جڑ کھوکھلی چک تمکو اندازہ,2022-04-10 20:10:53
869,عوام سمندر انشاءالل ه اب فیصلہ عوامی عدالت خان مظبوط آیگا امپورٹڈحک,2022-04-10 20:10:53
870,چیرمین پاکستان تحریک انصاف عمران خان زیر صدارت کل بروز سوموار تحریک انصاف پارلیمانی پارٹی اجلاس انشاء,2022-04-10 20:10:53
871,تحریک انصاف امیر غریب ,2022-04-10 20:10:53
872,وزیراعظم وجہ امریکہ دفعہ تکلیف پہلا تکلیف ایٹمی دھماکے دوسری بار پیک کٹا انڈا مرغی ,2022-04-10 20:10:53
873,مرشد پلیز آج وقت مرشد آج دکھڑا سنا مرشد ساتھ ظلم مرشد فوج لڑتی حریف ,2022-04-10 20:10:53
874,ب ھکاری باپ پاکستانی ,2022-04-10 20:10:53
875,ب ھکاری باپ پاکستانی ,2022-04-10 20:10:53
876,چینل اینکرز رولنگ مسترد عدم منظور اتنا زور ڈائپر بھر اندازہ ا,2022-04-10 20:10:53
877,خدا خان استعفا روک سڑک احتجاج استعفا ضروری ممبران اسمبلی اندر احتجاج پارٹی ورکرز عوام ساتھ سڑک اسمبلی چھوڑ نقصان ,2022-04-10 20:10:53
878,شمع فروزاں آندھی ڈراتا شمع فروزاں پروانہ ہزار امپورٹڈگورمنٹنامنظور,2022-04-10 20:10:53
879,لوگ باہر لوگ نکل جلسا ملک باہر بغیر لیڈر خود خان باہرایگا حال نام شر,2022-04-10 20:10:53
880,اپنامعززیف جسٹس پوچھناتھاکہ سانحہ بلدیہ ٹاؤن سانحہ ماڈل ٹاؤن کوئٹہ دن دیہاڑے مجیداچکزئی گاڑی تلاآکر ک چلےجانے,2022-04-10 20:10:53
881,عرض سیاست فیصلہ عدالت کوشش تباہ کن سمجھ آج باہر نکلیں عو,2022-04-10 20:10:53
882,لائکس ریٹویٹس اتنا زلیل چپیڑا کھا نکال چاہیے اب,2022-04-10 20:10:54
883,پاکستانی دل خوش اپ اج پوری دنیا پاکستان شہر احتجاج ریلی دیکھ یقین خان تہا ٸ,2022-04-10 20:10:54
884,لاہور فیصلہ س اگلا الیکشن لاہور سمیت پنجاب عمران خان تہائی اکثریت نکل انشاءال,2022-04-10 20:10:54
885,لاہور لبرٹی مارکیٹ پسندیدہ ہوٹل سینڈوچ منگوانا راستہ بند سوشل میڈیا دیکھ دنگ,2022-04-10 20:10:54
886,کوشش آخر کار معلوم کل نیازی باجوہ درمیان تھپڑ ماجرا کہانی لڑکی پارٹ چ,2022-04-10 20:10:54
887,پاکستانی قوم ترکی قوم جذبہ محسوس عمران خان ساتھ مزید زیادتی ن,2022-04-10 20:10:54
888,شہباز شریف کاغذہ نامزدگی بطور وزیراعظم مسترد نیب ایف مقدمہ ,2022-04-10 20:10:54
889,رات پائے آنکھ آنس روک پا دل افسردہ سر سایہ ہٹ,2022-04-10 20:10:54
890,لوگ باہر لوگ نکل جلسا ملک باہر بغیر لیڈر خود خان باہرایگا حال نام شر,2022-04-10 20:10:54
891,سنو رونگٹہ کھڑے پاکستان کراچی عوام عمران ,2022-04-10 20:10:54
892,فاروق بندیال اداکارہ شبنم ریپ بھائی عطا بندیال پاکستان غیرت ناموس پامال ب,2022-04-10 20:10:54
893,لیڈر ورلڈ بینک سمیت دنیا ملک چھوڑ جہاں ںوا بھیک مانگی لیڈر آج باہر نکل لوگ اندھی نفرت بغض کینہ شکار حاسدین ٹولہ نظرانداز ملک حقیقی سیاسی قیادت بھروسہ ,2022-04-10 20:10:54
894,راولپنڈی لوگ سڑک پہ چھتہ پاکستان شہر سمیت دنیا بھر عمران خاں حق مظاہرے حالات م,2022-04-10 20:10:54
895,رنڈی بہیںچود دکھانا ,2022-04-10 20:10:54
896,اتنا احتجاج میڈیا دکھ ,2022-04-10 20:10:54
897,تحریک انصاف امیر غریب ,2022-04-10 20:10:54
898,حساب لوگ خان سپورٹ باہر عاشقان جی ایچ کیو تحریک لبیک جلدی آڈر مل ,2022-04-10 20:10:54
899,ادارہ ہوش ناخن ملک خانہ جھنگی الیکشن جایں عوام چور برداشت ا,2022-04-10 20:10:54
900,حسینی حسین ڈٹ مقابلہ روک روک امپورٹڈحکومتنامنظور,2022-04-10 20:10:54
901,اتنا احتجاج میڈیا دکھ ,2022-04-10 20:10:54
902,لاہور لبرٹی مارکیٹ پسندیدہ ہوٹل سینڈوچ منگوانا راستہ بند سوشل میڈیا دیکھ دنگ,2022-04-10 20:10:55
903,لوگ باہر لوگ نکل جلسا ملک باہر بغیر لیڈر خود خان باہرایگا حال نام شر,2022-04-10 20:10:55
904,اب سمجھ آخر رگیدا قوم فرد دیکھ مینڈیٹ نقب زنی آج,2022-04-10 20:10:55
905,سنو رونگٹہ کھڑے پاکستان کراچی عوام عمران ,2022-04-10 20:10:55
906,راولپنڈی لوگ سڑک پہ چھتہ پاکستان شہر سمیت دنیا بھر عمران خاں حق مظاہرے حالات م,2022-04-10 20:10:55
907,اچھا لائق ,2022-04-10 20:10:55
908,لوگ حق علم فوج عمران ہٹاناہوتا مارچ شروع ہٹ واشنگٹن پیغام مل فوج خ,2022-04-10 20:10:55
909,والدہ ڈھائی سال بستر مرگ اورسال والد شدید بیماری شکار ڈھائی سال میراملنا جلنا دوست,2022-04-10 20:10:55
910,عمران خان پسند اب ضد بن چک سلام لیڈر,2022-04-10 20:10:55
911,راولپنڈی لوگ سڑک پہ چھتہ پاکستان شہر سمیت دنیا بھر عمران خاں حق مظاہرے حالات م,2022-04-10 20:10:55
912,کراچی لونڈ متعلق جیال پتہ موقف یوتھیا دیکھتا ٹوٹیٹ سمجھ ای,2022-04-10 20:10:55
913,سمجھ بکا میڈیا روک انقلاب روک غصہ انصاف خلاف احتجاج میڈیا کوریج ,2022-04-10 20:10:55
914,معلومات بنیاد پہ عرض نومبر چیف آف آرمی سٹاف جنرل قمر جاوید باجوہ سبکدوش معلومات بن,2022-04-10 20:10:56
915,ڈی این ٹیسٹ سائینس حیران جاۓ انسان س ور پیدا ,2022-04-10 20:10:56
916,خوش دل خوش طلعت بھائی بتا کتنا درد دل آنسو ضبط اما ں معصومیت فون پوچھتی اتنی دعا بتاؤ چور خلاف عدالت کہوں امپورٹڈحکومتنامنظور,2022-04-10 20:10:56
917,رب بھاری بوجھ اگلا رب بوجھ سہار برداشت معاف فرمادہ بخش مہر مولی کافر مدد ,2022-04-10 20:10:56
918,لوگ انصاف گالی ادارہ برا بھلا سارا شہر ویڈیوز منگواؤ ادارہ د,2022-04-10 20:10:56
919,تحریک انصاف امیر غریب ,2022-04-10 20:10:56
920,پاکستانی عوام سوموٹو انصاف دلالہ بج عدالت کھلوانہ بھکاری اپوزیشن واضح پیغام ,2022-04-10 20:10:56
921,پہ کلک کیجیے پہ کلک کیجیے آپشن آف ,2022-04-10 20:10:56
922,بکواس بند کرائے کتی فوج وطن کرائے کتیا,2022-04-10 20:10:56
923,ستم کھل کھیلو قسم شکایت حسابباقیہے,2022-04-10 20:10:56
924,ب ھکاری باپ پاکستانی امپورٹڈحکومتنامنظور,2022-04-10 20:10:56
925,خوش عمران خان اتر اپوزیشن کامیاب گئ خوش اللہ تعالی نیاز,2022-04-10 20:10:56
926,وزیر اعظم ہاؤس چھوڑا پہلےمیرے کپتان میڈیا اینکرز سوال بتاؤ عوام علاوہ کوئ میر,2022-04-10 20:10:56
927,امپرٹڈ حکومت والو دیکھ کب عوامی خلاف فیصلہ قوم بار قصور معاف عوام حمایت بغیر جنگ لڑ نتیجہ دیکھ چک مشرقی پاکستان قائد اعظم روح مزید چین جنرل بنا ملک ,2022-04-10 20:10:56
928,لوگ باہر لوگ نکل جلسا ملک باہر بغیر لیڈر خود خان باہرایگا حال نام شر,2022-04-10 20:10:56
929,اللہ قسم ساری زندگی پتا حسین علیہ السلام عمران خان ساتھ ساری کربلہ سمجھ شخص عمران کردار حسین یزید مخالف امپورٹڈگورنمنٹنامنظور امپورٹڈحکومتنامنظور,2022-04-10 20:10:56
930,آج دبی ریالی رواں ڈیزل ڈیزل ڈیزل آواز آرہے قسم دل خوش ,2022-04-10 20:10:57
931,رسوائی لوگ مقدر چک شاء الل ه توبہ موت ,2022-04-10 20:10:57
932,سوز دیوان غیرت ایمان ذلیل کلعدم لبیک اب میدان حساببا,2022-04-10 20:10:57
933,اتنا احتجاج میڈیا دکھ ,2022-04-10 20:10:57
934,لاہور لبرٹی مارکیٹ پسندیدہ ہوٹل سینڈوچ منگوانا راستہ بند سوشل میڈیا دیکھ دنگ,2022-04-10 20:10:57
935,لوگ باہر لوگ نکل جلسا ملک باہر بغیر لیڈر خود خان باہرایگا حال نام شر,2022-04-10 20:10:57
936,روز حکومت گر جشن منا دن احتجاج کمال پانڈے جی,2022-04-10 20:10:57
937,اتنا احتجاج میڈیا دکھ ,2022-04-10 20:10:57
938,ملک بھر ساختہ لوگ سڑک پہ نکل حیرت ٹی وی چینل کم دکھ لاہورکی کیفیت ش,2022-04-10 20:10:57
939,اتنا احتجاج میڈیا دکھ ویسےکوئی فرق پڑ میڈیادیکھتا ,2022-04-10 20:10:57
940,یزید جیت مطلب حسین ہار برحق کےلیے اکثریت درکار بہادر اکیلا جیت شج,2022-04-10 20:10:57
941,راولپنڈی لوگ سڑک پہ چھتہ پاکستان شہر سمیت دنیا بھر عمران خاں حق مظاہرے حالات م,2022-04-10 20:10:57
942,راولپنڈی لوگ سڑک پہ چھتہ پاکستان شہر سمیت دنیا بھر عمران خاں حق مظاہرے حالات م,2022-04-10 20:10:57
943,بھائی غلامی س غلامی بہتر مسلط نمبر سروے مالکان مرضی خلاف بول امپورٹڈگورنمنٹنامنظور,2022-04-10 20:10:57
944,سمجھ بکا میڈیا روک انقلاب روک غصہ انصاف خلاف احتجاج میڈیا کوریج ,2022-04-10 20:10:57
945,دیکھ آنکھ کھول دیکھ بےشرم جاہل سمجھ عوام اب بتائیے وزیراعظم ایماندار,2022-04-10 20:10:57
946,تحریک انصاف امیر غریب ,2022-04-10 20:10:57
947,ملک بھر ساختہ لوگ سڑک پہ نکل حیرت ٹی وی چینل کم دکھ لاہورکی کیفیت ش,2022-04-10 20:10:58
948,آمریت زندان فاتح روپ دیکھ ساتھ جیل گزار فاتح روپ دیکھ ک,2022-04-10 20:10:58
949,عرض سیاست فیصلہ عدالت کوشش تباہ کن سمجھ آج باہر نکلیں عو,2022-04-10 20:10:58
950,عوام موٹو اب پچھلا کمرہ چھپ بیٹھ نکلو باہر احتجاج انقلاب ,2022-04-10 20:10:58
951,خان فیصلہ ھے ٹھیک اب ھم خان بس مشورہ ھم پ,2022-04-10 20:10:58
952,لوگ باہر لوگ نکل جلسا ملک باہر بغیر لیڈر خود خان باہرایگا حال نام شر,2022-04-10 20:10:58
953,دیکھ عوام سمندر تمکو چلتی مشین ہاتھ عمران خان نکال اللہ اسکا محافظ ر,2022-04-10 20:10:58
954,جناب آج ٹویٹ شہر حق نکلا جواب ,2022-04-10 20:10:58
955,سیاستدان بیوروکریٹ نیندیں حرام اب آرام کدھر پہ ,2022-04-10 20:10:58
956,خان صاحب کھڑے ساتھ ایمان ساتھ پاکستان ساتھ امپورٹڈگورمنٹنامنظور,2022-04-10 20:10:58
957,جی سن مرشد گرا جارہہ سنو دیکھ وقار گرا پڑ اٹھا ,2022-04-10 20:10:58
958,شروعات حریت پاسپاں خود نکل عالم سازش والو ہوش ناخن ,2022-04-10 20:10:58
959,بیغیرت قیادت روشن م ستقبل امید دیوانہ خواب ,2022-04-10 20:10:58
960,حقیقت آپکی تنقید فوجی کمانڈ اسکا اثر پوری فوج پڑ فوج کیساتھ ظلم مت کیجئے,2022-04-10 20:10:58
961,چینل اینکرز رولنگ مسترد عدم منظور اتنا زور ڈائپر بھر اندازہ ا,2022-04-10 20:10:58
962,لوگ باہر لوگ نکل جلسا ملک باہر بغیر لیڈر خود خان باہرایگا حال نام شر,2022-04-10 20:10:58
963,لاہور فیصلہ س اگلا الیکشن لاہور سمیت پنجاب عمران خان تہائی اکثریت نکل انشاءال,2022-04-10 20:10:58
964,شہباز شریف کاغذہ نامزدگی چیلنج چاہئے ضمانت ملزم شخص وقت مجرم بن ,2022-04-10 20:10:58
965,روز حکومت گر جشن منا دن احتجاج کمال پانڈے جی,2022-04-10 20:10:58
966,بھائی باجوہڈاکٹرائن آج عوامی احتجاج بری ناکام گئ اب دیکھ ڈاکٹرائن ,2022-04-10 20:10:58
967,پاک فوج زندہ باد کوئ تکلیف ہندوستان ,2022-04-10 20:10:58
968,ملتان سینٹر عون عباس بپی قیادت ریلئ نکال ئی عوامی جن قافلہ چونگی نمبر جانب گامزن جہاں سارا ش,2022-04-10 20:10:58
969,ب ھکاری باپ پاکستانی ,2022-04-10 20:10:58
970,غریب آہیں بیٹھ عالمی سازش گھی چینی آٹا پٹرول بجلی مہنگی کشمیر سودا سٹیٹ بینک ایم ایف حوالہ خارجہ پالیسی کباڑا پاکستان تنہائی کارنامہ ڈوبا,2022-04-10 20:10:59
971,لاہور فیصلہ س اگلا الیکشن لاہور سمیت پنجاب عمران خان تہائی اکثریت نکل انشاءال,2022-04-10 20:10:59
972,پی ٹی لیڈران گزارش ورکرز پوسٹ ریٹویٹس ٹویٹ شوشل میڈیا وائرل سلیکٹیٹ حکومت نامنظور الیکشن الیکشن الیکشن الیکشن,2022-04-10 20:10:59
973,اسما شوکت مطابق پیٹرول ڈلوایا پیٹرول پمپ پیس وائسرا شہبازشریف ,2022-04-10 20:10:59
974,نیازی کیسارہاسفرایمپائرکیانگلی سےتمانچے جوعوامی رائےکوپست کروا کیلئےایمپائر انگلی گئ تھپڑ سےچھڑانی پڑ آج ووٹ عزت دوکا نعرہ لگا اتنا بزدل حقیقی مخالف نام الٹا قوم امریکہ شوشا پرچھوڑدیا,2022-04-10 20:10:59
975,اتنا احتجاج میڈیا دکھ ,2022-04-10 20:10:59
976,امریکہ ایجنٹ پالتو کتا اب فکر لاحق لوگ غدار خلاف سڑک نکل پوری دنیا غدار خلاف احتجاج بند گنتی کررہا ,2022-04-10 20:10:59
977,جی علیم پیسہ ترین پیسہ لاکھ مجمع اب اکٹھا ملک طول عرض امپورٹڈحکومتنامنظور,2022-04-10 20:10:59
978,دیکھ باہر نکلا ,2022-04-10 20:10:59
979,پہ کلک کیجیے پہ کلک کیجیے آپشن آف ,2022-04-10 20:10:59
980,پورا پاکستان مظاہرے ادارہ بدنام فرق مسلط غلام سیاسی,2022-04-10 20:10:59
981,اتنا احتجاج میڈیا دکھ ویسےکوئی فرق پڑ میڈیادیکھتا ,2022-04-10 20:10:59
982,اکیلا نہی چھوڑسکھت عمران خان اب ضد ,2022-04-10 20:10:59
983,ڈاکٹر ارسلان خالد گھر حملہ خبر انتہائ تشویش ارسلان انتہائ باصلاحیت زیرک مخلص نوجوان پوری ت,2022-04-10 20:10:59
984,پاکستانکتنےمیںبیچا مائی لارڈ ڈیئر سر باہر نکلیں دیکھ عمران خان نکال لیک,2022-04-10 20:10:59
985,عرض سیاست فیصلہ عدالت کوشش تباہ کن سمجھ آج باہر نکلیں عو,2022-04-10 20:10:59
986,چلو یوتھی خان بولا عشا ملک جام جاہیگا مگرلگتا ھے ٹاہیگر جام گہیے ھھاھاھاھا لبیک شیر ل,2022-04-10 20:11:00
987,کپتان میدان عمران خان اندرونی بیرونی دشمنا لرزہ طاری شاء اللہ امپورٹڈگورمنٹنامنظور,2022-04-10 20:11:00
988,عمران خان بغیر اتنی تعداد عوام نکل عمران خان صاحب خود نکل منظر امپورٹڈحکومت,2022-04-10 20:11:00
989,تحریک انصاف امیر غریب ,2022-04-10 20:11:00
990,عمران خان بغیر اتنی تعداد عوام نکل عمران خان صاحب خود نکل منظر امپورٹڈحکومت,2022-04-10 20:11:00
991,تحریک لبیک پاکستان بکواس صحافی اب شائد مر یوتھی ملک دشمنی فوج دشمنی مبنی ٹرینڈ نظر,2022-04-10 20:11:00
992,آج رات عدالت کھلا عوامی احتجاج دیکھ ججز آنکھ ضرور کھلا گئ ,2022-04-10 20:11:00
993,مبارک آلو ٹماٹر سستا اب پیس بچ غیرت خرید بھکاریو,2022-04-10 20:11:00
994,لاہور لبرٹی مارکیٹ پسندیدہ ہوٹل سینڈوچ منگوانا راستہ بند سوشل میڈیا دیکھ دنگ,2022-04-10 20:11:00
995,یاد الل ه نبی وعدہ کتاب حکمت عطا عظمت والارسول تشریف گ,2022-04-10 20:11:00
996,چوکیدار منصف چور ساتھ مل انکو حکومت لوگ خود جاگ پہرہ پڑ میر,2022-04-10 20:11:00
997,عرض سیاست فیصلہ عدالت کوشش تباہ کن سمجھ آج باہر نکلیں عو,2022-04-10 20:11:00
998,غلط بندہ چھیڑ بیٹھ نادان,2022-04-10 20:11:00
999,شمع فروزاں آندھی ڈراتا شمع فروزاں پروانہ ہزار امپورٹڈگورمنٹنامنظور,2022-04-10 20:11:00
1000,جان زندہ ,2022-04-10 20:11:00
